fname,ID,response sway power,random sway power,sim Err,visual Weight - W,time delay - dt,Loop Gain - Kp,Kd,Torque FB gain - Glp,J,mgh,b
Screen_Balance and VR_1_sCA04TU11_B_HB_t2.csv,CA04TU11,0.0354276692814298,0.0705438444786896,2.59592819089256,0.30236881721445,0.198428288606998,16.4195626292306,5.9397477003747,0.00791403698632203,1.5177341700601,12.798781988534,0.302363814107495
Screen_Balance and VR_1_sCA04TU11_A_LB_t1.csv,CA04TU11,0.10496790324954,0.0487690593990892,7.83054438197591,0.38133135801532,0.195695370318403,15.541779401365,5.68672105867211,0.00497083647512543,1.5177341700601,12.798781988534,0.372491893001172
Screen_Balance and VR_1_sCA04TU11_A_LB_t1.csv,CA04TU11,0.10496790324954,0.0487690593990892,7.83054438197601,0.381331357597458,0.195695371480992,15.541779370316,5.68672111712178,0.00497083637714318,1.5177341700601,12.798781988534,0.372491889528534
Screen_Balance and VR_1_sCA04TU11_A_LB_t1.csv,CA04TU11,0.10496790324954,0.0487690593990892,7.83054438197606,0.381331358145179,0.195695371003661,15.5417793778344,5.68672109289991,0.00497083635835742,1.5177341700601,12.798781988534,0.372491888593369
Screen_Balance and VR_1_sKA14RE15_A_HB_t2.csv,KA14RE15,0.024610178154999,0.0259267354623426,-4.73982560228813,0.25416245431263,0.189847620700973,13.9467938643553,5.03744020736766,0.00527407650220597,1.25712486853252,11.0913349033601,0.193700930248831
Screen_Balance and VR_1_sKA14RE15_A_HB_t1.csv,KA14RE15,0.0172658335867335,0.0266914941927649,0.564279321411448,0.219189888545215,0.219499065648943,13.2325292665041,5.35935282867209,0.00776229300695285,1.25712486853252,11.0913349033601,0.318256329914272
Screen_Balance and VR_1_sKA14RE15_A_HB_t1.csv,KA14RE15,0.0172658335867335,0.0266914941927649,0.564277536551852,0.219181367595379,0.219502029906611,13.2322866442205,5.35944609922853,0.00776281147758978,1.25712486853252,11.0913349033601,0.31826277293532
Screen_Balance and VR_1_sKA14RE15_A_HB_t1.csv,KA14RE15,0.0172658335867335,0.0266914941927649,0.564248015443031,0.219211928904969,0.219511585603521,13.2308437727538,5.35940050127573,0.00776240989284213,1.25712486853252,11.0913349033601,0.317625697599881
Screen_Balance and VR_1_sKA14RE15_B_LB_t1.csv,KA14RE15,0.0232987308533493,0.0319837971132265,-5.20747752292001,0.206209117747832,0.208726356498724,12.9968860004813,4.83816404517371,0.0080643041417177,1.25712486853252,11.0913349033601,0.215375450161848
Screen_Balance and VR_1_sKA14RE15_B_LB_t1.csv,KA14RE15,0.0232987308533493,0.0319837971132265,-5.20747752291951,0.206209118445486,0.208726356203499,12.9968860160434,4.83816403409447,0.00806430406527138,1.25712486853252,11.0913349033601,0.215375448487937
Screen_Balance and VR_1_sKA14RE15_B_LB_t1.csv,KA14RE15,0.0232987308533493,0.0319837971132265,-5.20747752291927,0.206209119030862,0.208726355937516,12.9968860253558,4.83816402575233,0.008064304032764,1.25712486853252,11.0913349033601,0.215375449025177
Screen_Balance and VR_1_sAN23BE15_A_HB_t2.csv,AN23BE15,0.0360662474026013,0.0333890394551802,8.31327845447403,0.242814264552467,0.245949687788283,15.0411639736466,6.57954759389404,0.0060132142139831,1.51409036029882,12.6979002446833,0.534686595005639
Screen_Balance and VR_1_sAN23BE15_A_HB_t1.csv,AN23BE15,0.0261514885274269,0.0628527983853717,5.68266703902497,0.268885791486123,0.209106417759433,15.3925413807115,6.52955668881877,0.00920566137080564,1.51409036029882,12.6979002446833,0.41821072083083
Screen_Balance and VR_1_sAN23BE15_A_HB_t1.csv,AN23BE15,0.0261514885274269,0.0628527983853717,5.68266703901926,0.268885778296221,0.209106408181095,15.3925417904916,6.52955662857452,0.00920566279018094,1.51409036029882,12.6979002446833,0.418210838148068
Screen_Balance and VR_1_sAN23BE15_A_HB_t1.csv,AN23BE15,0.0261514885274269,0.0628527983853717,5.68266703902404,0.268885791047579,0.209106419432447,15.3925414030887,6.52955674652571,0.00920566145534004,1.51409036029882,12.6979002446833,0.418210719239474
Screen_Balance and VR_1_sAN23BE15_B_LB_t1.csv,AN23BE15,0.02821559395707,0.0638182412224185,5.66762529630938,0.268263312367599,0.219192848397874,15.5115292019716,6.75842396867726,0.00824101107561672,1.51409036029882,12.6979002446833,0.408265381567079
Screen_Balance and VR_1_sAN23BE15_B_LB_t1.csv,AN23BE15,0.02821559395707,0.0638182412224185,5.6676252963107,0.268263288143463,0.219192863334341,15.511527889987,6.75842373471022,0.00824101009068449,1.51409036029882,12.6979002446833,0.408265195121371
Screen_Balance and VR_1_sAN23BE15_B_LB_t1.csv,AN23BE15,0.02821559395707,0.0638182412224185,5.66762529631054,0.268263288807047,0.219192863156879,15.5115279370868,6.75842378528132,0.00824101011874525,1.51409036029882,12.6979002446833,0.408265197246745
Screen_Balance and VR_1_sEL30AD28_B_HB_t2.csv,EL30AD28,0.0221690745226946,0.0809555729125415,11.6643754492388,0.226940680831583,0.188634746132339,16.2638880365115,5.22259312148018,5.38500523513432e-09,1.3705518051054,12.1623784642422,0.907577703304084
Screen_Balance and VR_1_sEL30AD28_B_HB_t1.csv,EL30AD28,0.0227344377854224,0.025840012449613,5.91193766328806,0.233247744164404,0.168298134653481,15.3655406053099,4.87823147624411,0.00582801959084261,1.3705518051054,12.1623784642422,0.546842697243648
Screen_Balance and VR_1_sEL30AD28_B_HB_t1.csv,EL30AD28,0.0227344377854224,0.025840012449613,5.91193766328812,0.233247742908868,0.168298135698564,15.3655405607674,4.87823148715265,0.00582801955352361,1.3705518051054,12.1623784642422,0.546842696343595
Screen_Balance and VR_1_sEL30AD28_B_HB_t1.csv,EL30AD28,0.0227344377854224,0.025840012449613,5.91193766328755,0.233247735850813,0.168298143670245,15.3655402420849,4.87823162628906,0.00582801979949453,1.3705518051054,12.1623784642422,0.546842681005234
Screen_Balance and VR_1_sEL30AD28_A_LB_t1.csv,EL30AD28,0.0104716303139519,0.0193431382009777,-5.55464880991439,0.179465492494356,0.140204800129432,16.0284468252375,4.65219035082517,0.0026383744796455,1.3705518051054,12.1623784642422,0.305955066886887
Screen_Balance and VR_1_sEL30AD28_A_LB_t1.csv,EL30AD28,0.0104716303139519,0.0193431382009777,-5.5546492021154,0.179458862755256,0.140214633543413,16.028148161707,4.6523541052566,0.0026385453160829,1.3705518051054,12.1623784642422,0.30596583303342
Screen_Balance and VR_1_sEL30AD28_A_LB_t1.csv,EL30AD28,0.0104716303139519,0.0193431382009777,-5.5546479400392,0.179472964218183,0.140216331481794,16.0283000100916,4.65225141541309,0.00263233285438238,1.3705518051054,12.1623784642422,0.305952280921241
Screen_Balance and VR_1_sBI20OE24_A_LB_t1_INCOMPLETE.csv,BI20OE24,0.0161707097996394,0.0453028029519334,8.2547584764864,0.288453749975824,0.192798569711003,11.3043947693586,4.20701203152024,0.0100590908926822,1.04627620893558,10.0438618433777,0.454991371295141
Screen_Balance and VR_1_sCH11RE22_A_HB_t1.csv,CH11RE22,0.0051261612875635,0.0229682807318255,-1.91480870814289,0.112773579392036,0.215102442708033,12.1925661621286,4.04161972106566,0.00127785345070425,1.07616916190848,9.71953175099793,0.534300865260509
Screen_Balance and VR_1_sCH11RE22_A_HB_t1.csv,CH11RE22,0.0051261612875635,0.0229682807318255,-1.91480870814289,0.112773579392036,0.215102442708033,12.1925661621286,4.04161972106566,0.00127785345070425,1.07616916190848,9.71953175099793,0.534300865260509
Screen_Balance and VR_1_sCH11RE22_A_HB_t1.csv,CH11RE22,0.0051261612875635,0.0229682807318255,-1.91480870814289,0.112773579392036,0.215102442708033,12.1925661621286,4.04161972106566,0.00127785345070425,1.07616916190848,9.71953175099793,0.534300865260509
Screen_Balance and VR_1_sCH11RE22_A_LB_t1_INCOMPLETE.csv,CH11RE22,0.00574178221344247,0.016543313581597,-0.195373437265838,0.119514379213257,0.20082340396367,13.147092717797,4.97971404191563,0.00727071425192324,1.07616916190848,9.71953175099793,0.570180082394316
Screen_Balance and VR_1_sAN07IE11_A_HB_t2.csv,AN07IE11,0.031990657040617,0.0458984582458866,9.68748424243381,0.367773783229345,0.19740627356858,15.8587870104057,6.18289077654751,0.0121352201498957,1.31592986756174,11.3477819531488,0.433153440399878
Screen_Balance and VR_1_sAN07IE11_A_HB_t1.csv,AN07IE11,0.01635833868887,0.0424113885059773,3.1476901783984,0.307332490031052,0.18822746426458,13.9542164244567,5.66722303828563,0.0193849476719061,1.31592986756174,11.3477819531488,0.31068095228944
Screen_Balance and VR_1_sAN07IE11_A_HB_t1.csv,AN07IE11,0.01635833868887,0.0424113885059773,3.14774355153111,0.30745732770313,0.188204916528956,13.9566207725803,5.66637242172279,0.0193752791870484,1.31592986756174,11.3477819531488,0.310891508944253
Screen_Balance and VR_1_sAN07IE11_A_HB_t1.csv,AN07IE11,0.01635833868887,0.0424113885059773,3.14767966582225,0.307303555684424,0.188232688353848,13.9536581951852,5.66742010085137,0.0193871970198352,1.31592986756174,11.3477819531488,0.3104026123005
Screen_Balance and VR_1_sAN07IE11_B_LB_t1.csv,AN07IE11,0.0303988356064695,0.0812330376972231,13.8068521389244,0.387503823420051,0.187452438450897,14.2156454595735,6.00781882886117,0.01585994209545,1.31592986756174,11.3477819531488,0.589209684034548
Screen_Balance and VR_1_sAN07IE11_B_LB_t1.csv,AN07IE11,0.0303988356064695,0.0812330376972231,13.8068519689172,0.38744330201065,0.187437663855167,14.2148300979295,6.00768755295284,0.0158716905525393,1.31592986756174,11.3477819531488,0.589350566076115
Screen_Balance and VR_1_sAN07IE11_B_LB_t1.csv,AN07IE11,0.0303988356064695,0.0812330376972231,13.8068515447831,0.387491495863625,0.187449381128186,14.2146979943776,6.0079271054762,0.0158673274414261,1.31592986756174,11.3477819531488,0.589302064720562
Screen_Balance and VR_1_sAN06AN18_A_LB_t1.csv,AN06AN18,0.0497499017947479,0.106095092182645,9.87069635660388,0.266884904236215,0.216437160972439,8.75742963871515,3.04970642067045,0.0113840757421425,0.77650951128817,7.54916002815408,0.535860933566708
Screen_Balance and VR_1_sAN06AN18_A_LB_t1.csv,AN06AN18,0.0497499017947479,0.106095092182645,9.87069635660388,0.266884904236215,0.216437160972439,8.75742963871515,3.04970642067045,0.0113840757421425,0.77650951128817,7.54916002815408,0.535860933566708
Screen_Balance and VR_1_sAN06AN18_A_LB_t1.csv,AN06AN18,0.0497499017947479,0.106095092182645,9.87069635660388,0.266884904236215,0.216437160972439,8.75742963871515,3.04970642067045,0.0113840757421425,0.77650951128817,7.54916002815408,0.535860933566708
Screen_Balance and VR_1_sPE16IN18_B_HB_t2.csv,PE16IN18,0.0271921292502624,0.0533672592686205,2.82939918924371,0.184586032852471,0.23195735850173,10.7600754164422,3.91194155287668,0.00735291517368534,1.04603715920213,9.50362596275673,0.433115874647357
Screen_Balance and VR_1_sPE16IN18_B_HB_t1.csv,PE16IN18,0.0117168369460024,0.0327311740763107,1.61804543923744,0.162625422120663,0.208450216186833,11.9668448410548,3.6537657669421,0.000351783360138669,1.04603715920213,9.50362596275673,0.513148427486359
Screen_Balance and VR_1_sPE16IN18_B_HB_t1.csv,PE16IN18,0.0117168369460024,0.0327311740763107,1.61804543923744,0.162625422120663,0.208450216186833,11.9668448410548,3.6537657669421,0.000351783360138669,1.04603715920213,9.50362596275673,0.513148427486359
Screen_Balance and VR_1_sPE16IN18_B_HB_t1.csv,PE16IN18,0.0117168369460024,0.0327311740763107,1.61804543923744,0.162625422120663,0.208450216186833,11.9668448410548,3.6537657669421,0.000351783360138669,1.04603715920213,9.50362596275673,0.513148427486359
Screen_Balance and VR_1_sPE16IN18_A_LB_t1_INCOMPLETE.csv,PE16IN18,0.0151150302926428,0.0356785412470529,0.492709093416494,0.136071040448348,0.168527931165869,10.9356150284612,3.74858490400858,0.010505083103819,1.04603715920213,9.50362596275673,0.569282484836491
Screen_Balance and VR_1_sDI16UB31_A_HB_t2.csv,DI16UB31,0.0244921207010988,0.0576513544325424,3.74689980054572,0.267660317581062,0.184002617284678,12.6810700288902,4.50955221278997,0.0072116385965046,1.0374980803515,9.77515813312121,0.36135938947625
Screen_Balance and VR_1_sDI16UB31_A_HB_t1.csv,DI16UB31,0.0226361550683308,0.0407880164128586,7.35360002844222,0.297527245208009,0.179215650779996,10.8710912918811,4.82777939233317,0.0155850407018724,1.0374980803515,9.77515813312121,0.42272721063074
Screen_Balance and VR_1_sDI16UB31_A_HB_t1.csv,DI16UB31,0.0226361550683308,0.0407880164128586,7.35360042410496,0.297515629952308,0.179230954585905,10.8716394932414,4.82735387350981,0.0155774655192004,1.0374980803515,9.77515813312121,0.422582062959254
Screen_Balance and VR_1_sDI16UB31_A_HB_t1.csv,DI16UB31,0.0226361550683308,0.0407880164128586,7.35360014288025,0.297595167531954,0.179211814979166,10.8710018101298,4.82824618712607,0.0155864689627967,1.0374980803515,9.77515813312121,0.422680847743165
Screen_Balance and VR_1_sDI16UB31_B_LB_t1.csv,DI16UB31,0.0292622899820688,0.0360184958356685,7.26089145030032,0.31811113189961,0.2038402772162,11.4003090552042,4.92371587766031,0.0107911743795014,1.0374980803515,9.77515813312121,0.371635396397857
Screen_Balance and VR_1_sDI16UB31_B_LB_t1.csv,DI16UB31,0.0292622899820688,0.0360184958356685,7.26089145029976,0.318111130282179,0.203840278094256,11.4003089098979,4.92371587996778,0.0107911745513545,1.0374980803515,9.77515813312121,0.37163538729445
Screen_Balance and VR_1_sDI16UB31_B_LB_t1.csv,DI16UB31,0.0292622899820688,0.0360184958356685,7.2608914503001,0.318111132148206,0.203840277457835,11.4003090270428,4.92371588347924,0.0107911744436097,1.0374980803515,9.77515813312121,0.371635398006438
Screen_Balance and VR_1_sCH08TU30_A_HB_t2.csv,CH08TU30,0.0227082896471231,0.105601542179394,5.97460530580305,0.186099561915235,0.208905737167486,16.4543846412825,6.47170587964266,0.00781282193825574,1.62292037667448,13.8387124882285,0.618583343664752
Screen_Balance and VR_1_sCH08TU30_A_HB_t1.csv,CH08TU30,0.0265422893151318,0.0675319683152196,0.0647140020395849,0.110598651039666,0.208810519152574,16.0277593179985,6.27951603170041,0.00462772946675469,1.62292037667448,13.8387124882285,0.63607509319671
Screen_Balance and VR_1_sCH08TU30_A_HB_t1.csv,CH08TU30,0.0265422893151318,0.0675319683152196,0.0647140020395849,0.110598651039666,0.208810519152574,16.0277593179985,6.27951603170041,0.00462772946675469,1.62292037667448,13.8387124882285,0.63607509319671
Screen_Balance and VR_1_sCH08TU30_A_HB_t1.csv,CH08TU30,0.0265422893151318,0.0675319683152196,0.0647140020395849,0.110598651039666,0.208810519152574,16.0277593179985,6.27951603170041,0.00462772946675469,1.62292037667448,13.8387124882285,0.63607509319671
Screen_Balance and VR_1_sCH08TU30_A_LB_t1.csv,CH08TU30,0.0164449405661732,0.0653336564009025,7.05904798877476,0.276234324460829,0.192665097596786,16.4704411309651,6.49538006719537,0.0138388340812832,1.62292037667448,13.8387124882285,0.478358132789322
Screen_Balance and VR_1_sCH08TU30_A_LB_t1.csv,CH08TU30,0.0164449405661732,0.0653336564009025,7.059047988775,0.276234326251998,0.192665094977704,16.4704413575289,6.49538004049467,0.0138388340369752,1.62292037667448,13.8387124882285,0.47835814995784
Screen_Balance and VR_1_sCH08TU30_A_LB_t1.csv,CH08TU30,0.0164449405661732,0.0653336564009025,7.05904798877501,0.276234322538914,0.192665099346589,16.4704410968966,6.49538010728838,0.0138388340279119,1.62292037667448,13.8387124882285,0.478358137428519
Screen_Balance and VR_1_sCH10AL22_A_HB_t2.csv,CH10AL22,0.0401146259244666,0.299247880530339,11.9859618243924,0.319255263519865,0.16770044632246,18.34798404099,5.13065647919658,0.00595916584795715,1.70289393995508,13.8255130077247,0.719865791790574
Screen_Balance and VR_1_sCH10AL22_A_HB_t1.csv,CH10AL22,0.0233446501610577,0.0966874500711656,7.94115131514154,0.320839519923422,0.163385216549126,18.1306583313465,4.93673040075,0.00311393873509405,1.70289393995508,13.8255130077247,0.524585447033909
Screen_Balance and VR_1_sCH10AL22_A_HB_t1.csv,CH10AL22,0.0233446501610577,0.0966874500711656,7.94114974310975,0.320791339909351,0.163372278611165,18.1297433788307,4.93762126477179,0.00311549741140535,1.70289393995508,13.8255130077247,0.524586772591677
Screen_Balance and VR_1_sCH10AL22_A_HB_t1.csv,CH10AL22,0.0233446501610577,0.0966874500711656,7.94114954183787,0.320735922514224,0.163421184429256,18.1287925547685,4.93830980972823,0.00311550309017693,1.70289393995508,13.8255130077247,0.524561403962501
Screen_Balance and VR_1_sCH10AL22_A_LB_t1.csv,CH10AL22,0.151569067373372,0.409821310945139,12.9447962305465,0.814433734438991,0.241400036427609,27.6902510744268,4.20746614953995,0.00146260658188836,1.70289393995508,13.8255130077247,0.504556812687765
Screen_Balance and VR_1_sCH10AL22_A_LB_t1.csv,CH10AL22,0.151569067373372,0.409821310945139,12.9447962305467,0.814433763958986,0.241400026719222,27.6902522625538,4.20746563443086,0.0014626058367435,1.70289393995508,13.8255130077247,0.504556837331274
Screen_Balance and VR_1_sCH10AL22_A_LB_t1.csv,CH10AL22,0.151569067373372,0.409821310945139,12.9447962305493,0.814433840008021,0.241400005888222,27.6902592079313,4.20746453392299,0.00146260163385775,1.70289393995508,13.8255130077247,0.504556870245221
Screen_Balance and VR_1_sRE13ON18_A_HB_t2.csv,RE13ON18,0.0125968319229636,0.0611976654241691,11.1554613022239,0.204775593760643,0.19300112869319,18.0834330440566,6.0848772342398,0.00100516597511369,1.37607898085449,11.6042290029375,0.952850635214996
Screen_Balance and VR_1_sRE13ON18_A_HB_t1.csv,RE13ON18,0.0139411248810466,0.0764125616248483,11.6589423283922,0.282631696639378,0.169807012434134,13.9465282467657,7.54375701311906,0.0135773176835315,1.37607898085449,11.6042290029375,0.682769104130289
Screen_Balance and VR_1_sRE13ON18_A_HB_t1.csv,RE13ON18,0.0139411248810466,0.0764125616248483,11.6589423283922,0.282631696639378,0.169807012434134,13.9465282467657,7.54375701311906,0.0135773176835315,1.37607898085449,11.6042290029375,0.682769104130289
Screen_Balance and VR_1_sRE13ON18_A_HB_t1.csv,RE13ON18,0.0139411248810466,0.0764125616248483,11.6589423283922,0.282631696639378,0.169807012434134,13.9465282467657,7.54375701311906,0.0135773176835315,1.37607898085449,11.6042290029375,0.682769104130289
Screen_Balance and VR_1_sRE13ON18_B_LB_t1.csv,RE13ON18,0.0473022908568867,0.162243263347321,22.3375724692293,0.175932217565862,0.168325697223046,17.0911418784924,6.81627621738918,0.000112336335624685,1.37607898085449,11.6042290029375,2.98664377438498
Screen_Balance and VR_1_sRE13ON18_B_LB_t1.csv,RE13ON18,0.0473022908568867,0.162243263347321,22.3391345189814,0.1724123867241,0.1692365039828,16.9075547768405,6.86083032495037,0.000384460012993066,1.37607898085449,11.6042290029375,3.02812364641452
Screen_Balance and VR_1_sRE13ON18_B_LB_t1.csv,RE13ON18,0.0473022908568867,0.162243263347321,22.3391345189814,0.1724123867241,0.1692365039828,16.9075547768405,6.86083032495037,0.000384460012993066,1.37607898085449,11.6042290029375,3.02812364641452
Screen_Balance and VR_1_sCA04TU11_B_HB_t2.csv,CA04TU11,0.0354276692814298,0.0705438444786896,2.59592819089258,0.302368817102093,0.198428288651136,16.4195626302158,5.93974770281089,0.00791403698280336,1.5177341700601,12.798781988534,0.302363815548904
Screen_Balance and VR_1_sCA04TU11_B_HB_t3.csv,CA04TU11,0.0403976442130248,0.0844186426272847,4.29671864315993,0.29177594040715,0.219039460532649,15.9359609293505,5.63755408595263,0.00522005642051686,1.5177341700601,12.798781988534,0.347620610549509
Screen_Balance and VR_1_sCA04TU11_B_HB_t4.csv,CA04TU11,0.0351400329859777,0.072420747985429,-0.43770289806646,0.293292353715812,0.219652082919854,15.1113054562582,5.76386717108355,0.00891280330901685,1.5177341700601,12.798781988534,0.228324435749456
Screen_Balance and VR_1_sCA04TU11_B_HB_t5.csv,CA04TU11,0.0332240501028771,0.0661506020066855,6.22121502951646,0.267438192059542,0.228298424365138,14.5814093559472,6.09630016514996,0.00746690206755471,1.5177341700601,12.798781988534,0.418927748504464
Screen_Balance and VR_1_sCA04TU11_A_LB_t1.csv,CA04TU11,0.10496790324954,0.0487690593990892,7.83054438197604,0.381331357503214,0.195695371518799,15.5417793759622,5.68672111351255,0.00497083635667496,1.5177341700601,12.798781988534,0.372491892184866
Screen_Balance and VR_1_sCA04TU11_A_LB_t2.csv,CA04TU11,0.0569425182168905,0.0788135681975482,0.436164596018305,0.264536676669067,0.175104054652098,16.2882473019251,5.1689942480721,0.0055649853911831,1.5177341700601,12.798781988534,0.311644034537529
Screen_Balance and VR_1_sCA04TU11_A_LB_t3.csv,CA04TU11,0.0276602904687131,0.0867740791707035,3.25120543676852,0.276160035597088,0.212134182158681,15.3223525012508,6.24797854987011,0.00367489520219776,1.5177341700601,12.798781988534,0.335046964807103
Screen_Balance and VR_1_sCA04TU11_A_LB_t4.csv,CA04TU11,0.0582383094263242,0.0830375525323236,5.36850238267684,0.382374754243941,0.193540329629567,15.9967091893741,5.56222286225615,0.00538167733003864,1.5177341700601,12.798781988534,0.307037674536817
Screen_Balance and VR_1_sKA14RE15_A_HB_t1.csv,KA14RE15,0.0172658335867335,0.0266914941927649,0.564245019275143,0.219172608909464,0.219526431320557,13.2300169306225,5.35980516470772,0.00776206616916363,1.25712486853252,11.0913349033601,0.317770253826667
Screen_Balance and VR_1_sKA14RE15_A_HB_t2.csv,KA14RE15,0.024610178154999,0.0259267354623426,-4.73982535507574,0.254134030958729,0.189850576993215,13.9464876088154,5.03777120839064,0.00527397895550782,1.25712486853252,11.0913349033601,0.193711540402996
Screen_Balance and VR_1_sKA14RE15_A_HB_t3.csv,KA14RE15,0.0480224588110634,0.0291635531147544,-1.34064334351126,0.283814814861585,0.189035842692449,13.6659561958649,4.73172216969347,0.0082787132737493,1.25712486853252,11.0913349033601,0.230044611290411
Screen_Balance and VR_1_sKA14RE15_A_HB_t4.csv,KA14RE15,0.0504121348203218,0.0380019561043384,5.31232307295907,0.307093304805193,0.200481055532825,13.482027303967,4.54312368465551,0.00579879423417673,1.25712486853252,11.0913349033601,0.362236212453717
Screen_Balance and VR_1_sKA14RE15_B_LB_t1.csv,KA14RE15,0.0232987308533493,0.0319837971132265,-5.20747752291935,0.206209118850158,0.208726356094141,12.9968860220811,4.83816402965534,0.00806430404054644,1.25712486853252,11.0913349033601,0.215375447540841
Screen_Balance and VR_1_sKA14RE15_B_LB_t2.csv,KA14RE15,0.0346083659631265,0.0432804249356734,0.0209663411843088,0.291294884692192,0.201703316419779,13.698908595172,5.01495673090527,0.00604136847501668,1.25712486853252,11.0913349033601,0.242859833489392
Screen_Balance and VR_1_sKA14RE15_B_LB_t3.csv,KA14RE15,0.0344427520215819,0.0348711344500352,5.6944141905651,0.330586443881547,0.16431141141191,14.4055518693353,4.91714575234387,0.00690252948309525,1.25712486853252,11.0913349033601,0.381434816806343
Screen_Balance and VR_1_sKA14RE15_B_LB_t4.csv,KA14RE15,0.0426864065427441,0.0432248075142025,2.47116662498741,0.404551583792109,0.156181680247687,14.3187009670648,4.63909532144913,0.00814427560766804,1.25712486853252,11.0913349033601,0.244647642540453
Screen_Balance and VR_1_sAN23BE15_A_HB_t1.csv,AN23BE15,0.0261514885274269,0.0628527983853717,5.682667039025,0.268885790898975,0.209106418505413,15.392541404345,6.5295567072982,0.00920566133756162,1.51409036029882,12.6979002446833,0.418210728022982
Screen_Balance and VR_1_sAN23BE15_A_HB_t2.csv,AN23BE15,0.0360662474026013,0.0333890394551802,8.31327845447403,0.242814264552467,0.245949687788283,15.0411639736466,6.57954759389404,0.0060132142139831,1.51409036029882,12.6979002446833,0.534686595005639
Screen_Balance and VR_1_sAN23BE15_A_HB_t3.csv,AN23BE15,0.0362030726275126,0.091056871371931,11.4433887229306,0.276840501501414,0.21927353143532,15.8040853217245,6.28232546071652,0.00604269563227337,1.51409036029882,12.6979002446833,0.65325448829333
Screen_Balance and VR_1_sAN23BE15_A_HB_t4.csv,AN23BE15,0.0862457661194786,0.0511215546094201,10.3599519599046,0.283256724751108,0.233802992181829,15.4021623956282,6.7284214062571,0.00442296914357292,1.51409036029882,12.6979002446833,0.559388180643361
Screen_Balance and VR_1_sAN23BE15_B_LB_t1.csv,AN23BE15,0.02821559395707,0.0638182412224185,5.66762529631071,0.26826328834908,0.219192863082826,15.5115278944416,6.75842371582864,0.00824101009316076,1.51409036029882,12.6979002446833,0.408265195927273
Screen_Balance and VR_1_sAN23BE15_B_LB_t2.csv,AN23BE15,0.0672285082552392,0.0793708226196302,11.2531501665505,0.308583150115053,0.230414828902653,15.3449867688984,6.26901078473563,0.00205946657303881,1.51409036029882,12.6979002446833,0.573799011006082
Screen_Balance and VR_1_sAN23BE15_B_LB_t3.csv,AN23BE15,0.0221037322124149,0.100364344157207,9.62028647799192,0.34480307808762,0.239237820136834,16.1088401559809,6.10202517682141,6.98025411667541e-08,1.51409036029882,12.6979002446833,0.461147908619633
Screen_Balance and VR_1_sAN23BE15_B_LB_t4.csv,AN23BE15,0.0607665797576188,0.120576718712885,13.552212555099,0.266089345933132,0.226128073951221,15.6003753547472,6.38552283900837,0.00732012907359851,1.51409036029882,12.6979002446833,0.793837006347667
Screen_Balance and VR_1_sEL30AD28_B_HB_t1.csv,EL30AD28,0.0227344377854224,0.025840012449613,5.91193766328813,0.233247741843664,0.168298136593924,15.3655405229435,4.87823149814776,0.00582801954296881,1.3705518051054,12.1623784642422,0.546842703006
Screen_Balance and VR_1_sEL30AD28_B_HB_t2.csv,EL30AD28,0.0221690745226946,0.0809555729125415,11.6643754492388,0.226940680831583,0.188634746132339,16.2638880365115,5.22259312148018,5.38500523513432e-09,1.3705518051054,12.1623784642422,0.907577703304084
Screen_Balance and VR_1_sEL30AD28_B_HB_t3.csv,EL30AD28,0.0485274748366131,0.135869840636697,5.99461932537161,0.31552554075866,0.174790899735436,15.2236981466863,4.45971278689433,2.66810797887861e-11,1.3705518051054,12.1623784642422,0.426252827912669
Screen_Balance and VR_1_sEL30AD28_B_HB_t4.csv,EL30AD28,0.0280386304281819,0.136371321793797,0.899279846315389,0.234912038958076,0.207706452360822,14.9474232026933,5.31939285157161,0.00637232117218692,1.3705518051054,12.1623784642422,0.318805923746061
Screen_Balance and VR_1_sEL30AD28_A_LB_t1.csv,EL30AD28,0.0104716303139519,0.0193431382009777,-5.55464955189455,0.179462047483057,0.140220188438273,16.0278134037487,4.65242620074935,0.00263776143084252,1.3705518051054,12.1623784642422,0.305911975080285
Screen_Balance and VR_1_sEL30AD28_A_LB_t2.csv,EL30AD28,0.0081024520404175,0.0252066010378198,-0.32094228601278,0.192434879557587,0.157388217159013,16.1715435425506,4.90899358331931,0.00666836368729678,1.3705518051054,12.1623784642422,0.409176150118425
Screen_Balance and VR_1_sEL30AD28_A_LB_t3.csv,EL30AD28,0.0062694558096048,0.0192958089189477,-4.45883155536641,0.196653602799471,0.152318403617293,16.2616248149617,5.0028269650812,0.005300452226106,1.3705518051054,12.1623784642422,0.28862487837717
Screen_Balance and VR_1_sEL30AD28_A_LB_t4.csv,EL30AD28,0.00861194448743541,0.041243418041642,6.1427050118926,0.196408409964922,0.178042855648102,15.3757105269182,5.93363695381762,0.00420024498937374,1.3705518051054,12.1623784642422,0.633982407414567
Screen_Balance and VR_1_sBI20OE24_A_LB_t1_INCOMPLETE.csv,BI20OE24,0.0161707097996394,0.0453028029519334,8.25475812292218,0.288491070413252,0.192780566178799,11.3054187042853,4.20666367661423,0.0100575028334919,1.04627620893558,10.0438618433777,0.455081840019906
Screen_Balance and VR_1_sBI20OE24_A_LB_t2_INCOMPLETE.csv,BI20OE24,0.0186993432147545,0.0260816073949011,-0.339175560377869,0.273378264812202,0.156306708945563,12.9223945924049,4.33853579752289,0.0121112963953682,1.04627620893558,10.0438618433777,0.268729164444364
Screen_Balance and VR_1_sBI20OE24_A_LB_t3_INCOMPLETE.csv,BI20OE24,0.0134302742030002,0.0233810916272227,1.95629001804672,0.243353149191059,0.183252625270189,12.3858063401059,4.94145095559436,0.0154882968067536,1.04627620893558,10.0438618433777,0.330648316998234
Screen_Balance and VR_1_sBI20OE24_A_LB_t4_INCOMPLETE.csv,BI20OE24,0.0239160927854187,0.0374099600154875,5.78618161816378,0.301060309799898,0.19359394657342,12.9825881414076,5.16524246456528,0.0144268385406022,1.04627620893558,10.0438618433777,0.35832114768938
Screen_Balance and VR_1_sCH11RE22_A_HB_t1.csv,CH11RE22,0.0051261612875635,0.0229682807318255,-1.91480870814289,0.112773579392036,0.215102442708033,12.1925661621286,4.04161972106566,0.00127785345070425,1.07616916190848,9.71953175099793,0.534300865260509
Screen_Balance and VR_1_sCH11RE22_A_HB_t2_INCOMPLETE.csv,CH11RE22,0.00903936147586922,0.0205635022594836,2.71892585680255,0.136210722709258,0.236354702557476,11.7676391813431,4.63913550935115,0.0085033478255027,1.07616916190848,9.71953175099793,0.585988773396646
Screen_Balance and VR_1_sCH11RE22_A_HB_t3_INCOMPLETE.csv,CH11RE22,0.0102126231202063,0.020357228180925,-2.09820941281268,0.12397709422465,0.234967991483577,11.8581325509928,4.5243665125311,3.69724428784948e-09,1.07616916190848,9.71953175099793,0.458526149071943
Screen_Balance and VR_1_sCH11RE22_A_HB_t4_INCOMPLETE.csv,CH11RE22,0.00708224330503413,0.0272672353964308,2.1557047974419,0.119620800369852,0.197228947735494,13.1253753948905,4.12953166229478,0.00615515665104692,1.07616916190848,9.71953175099793,0.724808417774101
Screen_Balance and VR_1_sCH11RE22_A_LB_t1_INCOMPLETE.csv,CH11RE22,0.00574178221344247,0.016543313581597,-0.195373503566696,0.119511184329621,0.200809422215698,13.1469577698392,4.97967773988304,0.00727114173053933,1.07616916190848,9.71953175099793,0.570186144978213
Screen_Balance and VR_1_sCH11RE22_A_LB_t2_INCOMPLETE.csv,CH11RE22,0.014453289770444,0.0227193190915285,2.1501414101269,0.163655314815528,0.225925993595838,12.0259954877386,4.81235190227957,0.00447455797260963,1.07616916190848,9.71953175099793,0.478372510863117
Screen_Balance and VR_1_sCH11RE22_A_LB_t3_INCOMPLETE.csv,CH11RE22,0.00703539914703741,0.0238922416912323,-1.77529369294099,0.116717894019931,0.206152146450438,11.9200188072248,4.66437090461352,0.0148961896042705,1.07616916190848,9.71953175099793,0.50261113022743
Screen_Balance and VR_1_sCH11RE22_A_LB_t4_INCOMPLETE.csv,CH11RE22,0.00792292724049021,0.0279873773969206,3.67692344481101,0.0653279998892113,0.216687139135025,13.573652544235,5.12925977898864,0.00269626141346183,1.07616916190848,9.71953175099793,1.41539397709151
Screen_Balance and VR_1_sAN07IE11_A_HB_t1.csv,AN07IE11,0.01635833868887,0.0424113885059773,3.14768237808161,0.307329403894638,0.188228020261134,13.9541558875613,5.66724428009755,0.0193851966248801,1.31592986756174,11.3477819531488,0.31035475505672
Screen_Balance and VR_1_sAN07IE11_A_HB_t2.csv,AN07IE11,0.031990657040617,0.0458984582458866,9.68748424244,0.36777378686098,0.197406272564184,15.8587873906457,6.18289074869551,0.0121352194798555,1.31592986756174,11.3477819531488,0.433153450111652
Screen_Balance and VR_1_sAN07IE11_A_HB_t3.csv,AN07IE11,0.0248608427687697,0.072819566008671,9.84353405359807,0.358578497323519,0.192890855940175,13.9438282540934,6.13799460661648,0.0203036040434888,1.31592986756174,11.3477819531488,0.45211893601901
Screen_Balance and VR_1_sAN07IE11_A_HB_t4_INCOMPLETE.csv,AN07IE11,0.022321046279692,0.102398810916361,9.85911965012468,0.468823928288984,0.185339813151478,15.5237856907959,6.35149763321863,0.0165353455623478,1.31592986756174,11.3477819531488,0.351564709120243
Screen_Balance and VR_1_sAN07IE11_B_LB_t1.csv,AN07IE11,0.0303988356064695,0.0812330376972231,13.8068519735631,0.387493151713609,0.187451614545538,14.2156493472576,6.00778369560852,0.015860641635629,1.31592986756174,11.3477819531488,0.589218225935533
Screen_Balance and VR_1_sAN07IE11_B_LB_t2_INCOMPLETE.csv,AN07IE11,0.0468592884860402,0.131264326293861,13.8260190149405,0.489896855683591,0.211650317242934,13.9137431533855,5.75299378674967,0.00991252261603528,1.31592986756174,11.3477819531488,0.443182704867134
Screen_Balance and VR_1_sAN07IE11_B_LB_t3_INCOMPLETE.csv,AN07IE11,0.0720287554222217,0.0721244717547242,16.333798857274,0.509199277061843,0.194311265000558,14.6181172705264,5.43354883080971,0.00973652758197122,1.31592986756174,11.3477819531488,0.557030381863303
Screen_Balance and VR_1_sAN07IE11_B_LB_t4_INCOMPLETE.csv,AN07IE11,0.0479041514029944,0.127997960442353,13.5332595799116,0.468156369878579,0.211425698347955,15.3317852822033,5.4655824518178,0.00366542051316094,1.31592986756174,11.3477819531488,0.472638926487077
Screen_Balance and VR_1_sAN06AN18_B_HB_t1_INCOMPLETE.csv,AN06AN18,0.0250515451884606,0.1700223245176,4.51552392927016,0.143552700023816,0.201891368014574,9.4339970412205,3.53931685661342,0.0116464741586552,0.77650951128817,7.54916002815408,0.662460496037686
Screen_Balance and VR_1_sAN06AN18_B_HB_t2_INCOMPLETE.csv,AN06AN18,0.0293852941364444,0.152911866215265,13.1010363113965,0.240279825232307,0.239556392490493,8.9972577911132,3.28606465732439,1.13449840541783e-09,0.77650951128817,7.54916002815408,0.78478298472632
Screen_Balance and VR_1_sAN06AN18_B_HB_t3.csv,AN06AN18,0.0461961100717529,0.106439965942532,6.83744057730411,0.193207609667462,0.196053402053556,9.26692301053194,3.46561643544063,0.0161773621917335,0.77650951128817,7.54916002815408,0.605570300996307
Screen_Balance and VR_1_sAN06AN18_B_HB_t4_INCOMPLETE.csv,AN06AN18,0.0361498566421419,0.0793420798928098,9.46517295288322,0.205084235648284,0.254205871019395,8.24516766162255,3.78851473915341,0.0080499435941306,0.77650951128817,7.54916002815408,0.594543640164576
Screen_Balance and VR_1_sAN06AN18_A_LB_t1.csv,AN06AN18,0.0497499017947479,0.106095092182645,9.87069635660388,0.266884904236215,0.216437160972439,8.75742963871515,3.04970642067045,0.0113840757421425,0.77650951128817,7.54916002815408,0.535860933566708
Screen_Balance and VR_1_sAN06AN18_A_LB_t2.csv,AN06AN18,0.0191519451627873,0.10714806231491,6.4802035528977,0.207418044239458,0.214386873603326,8.25982496539715,3.20088725325479,0.0234120551914824,0.77650951128817,7.54916002815408,0.520007743609825
Screen_Balance and VR_1_sAN06AN18_A_LB_t3_INCOMPLETE.csv,AN06AN18,0.0443701153593444,0.159670452632619,6.78974127349188,0.221838618382721,0.219461784860983,8.40201020887585,3.33642434014363,0.00969600184814444,0.77650951128817,7.54916002815408,0.481818201192559
Screen_Balance and VR_1_sAN06AN18_A_LB_t4_INCOMPLETE.csv,AN06AN18,0.0238037864738623,0.139084038350512,4.062757341662,0.209313676318553,0.201735717532188,8.88733963141392,3.03410231717763,0.0134352828442502,0.77650951128817,7.54916002815408,0.439307412259791
Screen_Balance and VR_1_sPE16IN18_B_HB_t1.csv,PE16IN18,0.0117168369460024,0.0327311740763107,1.61804543923744,0.162625422120663,0.208450216186833,11.9668448410548,3.6537657669421,0.000351783360138669,1.04603715920213,9.50362596275673,0.513148427486359
Screen_Balance and VR_1_sPE16IN18_B_HB_t2.csv,PE16IN18,0.0271921292502624,0.0533672592686205,2.82939918928883,0.184585949516307,0.231957419339206,10.7600751817513,3.91194137610385,0.00735290952703964,1.04603715920213,9.50362596275673,0.433115822410177
Screen_Balance and VR_1_sPE16IN18_B_HB_t3.csv,PE16IN18,0.0237250475688665,0.057988200346973,-2.10919445470214,0.190752589007526,0.24403588154345,10.6832901601013,4.31878021893264,0.00700469882850843,1.04603715920213,9.50362596275673,0.268064762998856
Screen_Balance and VR_1_sPE16IN18_B_HB_t4.csv,PE16IN18,0.0273832408809332,0.0382151435944422,-5.13342078799662,0.180116587795577,0.225012812160712,11.0435082855659,4.04846533237798,0.00674394663955379,1.04603715920213,9.50362596275673,0.234358464002967
Screen_Balance and VR_1_sPE16IN18_A_LB_t1_INCOMPLETE.csv,PE16IN18,0.0151150302926428,0.0356785412470529,0.492678678650268,0.136165163675328,0.168526896842558,10.9338497250402,3.7473472593501,0.0104843087404099,1.04603715920213,9.50362596275673,0.568095532938869
Screen_Balance and VR_1_sPE16IN18_A_LB_t2_INCOMPLETE.csv,PE16IN18,0.0137771677055342,0.0439584504016714,-0.293728369082062,0.142599803213837,0.214948133444655,11.2994783568658,4.02346996815289,0.00696701535135515,1.04603715920213,9.50362596275673,0.457858037135626
Screen_Balance and VR_1_sPE16IN18_A_LB_t3_INCOMPLETE.csv,PE16IN18,0.0194679854187945,0.0796730816478876,-3.00183209540601,0.243102953223086,0.176406806555617,11.6232988840703,3.46292377824988,0.00572543813242424,1.04603715920213,9.50362596275673,0.241576556415203
Screen_Balance and VR_1_sPE16IN18_A_LB_t4_INCOMPLETE.csv,PE16IN18,0.0681624887881498,0.102196696617552,2.36463822664562,0.390365225167095,0.157991058541733,12.0107813316809,3.53672694999284,0.00670662199163265,1.04603715920213,9.50362596275673,0.248403406611262
Screen_Balance and VR_1_sDI16UB31_A_HB_t1.csv,DI16UB31,0.0226361550683308,0.0407880164128586,7.35359954595134,0.297518028010937,0.17921267169055,10.8716184494888,4.82729525215984,0.0155792901565167,1.0374980803515,9.77515813312121,0.422663310045475
Screen_Balance and VR_1_sDI16UB31_A_HB_t2.csv,DI16UB31,0.0244921207010988,0.0576513544325424,3.74689649123684,0.267629684058579,0.184015453629154,12.6805998324669,4.51027092778629,0.00721144234051682,1.0374980803515,9.77515813312121,0.361244270485142
Screen_Balance and VR_1_sDI16UB31_A_HB_t3.csv,DI16UB31,0.0277965412920422,0.062340027223184,1.01975233539137,0.356990303479014,0.18516089737341,12.864631838052,4.25780630760979,0.00056724043056484,1.0374980803515,9.77515813312121,0.22702104719527
Screen_Balance and VR_1_sDI16UB31_A_HB_t4.csv,DI16UB31,0.037173200322926,0.0506217846727088,-0.508067690921017,0.339165538876152,0.176468770343074,13.5512074505489,4.19428587148864,0.00193982970042273,1.0374980803515,9.77515813312121,0.21411599356717
Screen_Balance and VR_1_sDI16UB31_B_LB_t1.csv,DI16UB31,0.0292622899820688,0.0360184958356685,7.26089145030013,0.318111131217707,0.203840277065631,11.4003090017757,4.92371587091955,0.010791174458712,1.0374980803515,9.77515813312121,0.371635400748339
Screen_Balance and VR_1_sDI16UB31_B_LB_t2.csv,DI16UB31,0.0273733416120527,0.0657922475546457,-1.78529927280352,0.35730834539791,0.170273884974369,14.2466208334981,4.31008361165998,0.00431697535433701,1.0374980803515,9.77515813312121,0.183330737023358
Screen_Balance and VR_1_sDI16UB31_B_LB_t3.csv,DI16UB31,0.0301520804623766,0.0338264153979361,1.10032537502889,0.322883403497127,0.198356041730042,12.3912019754566,4.5958226625729,0.00926986123830842,1.0374980803515,9.77515813312121,0.229582126483586
Screen_Balance and VR_1_sDI16UB31_B_LB_t4.csv,DI16UB31,0.0259619878694019,0.0445386301797726,6.03307650825508,0.309227682753955,0.190097335654257,12.5031813312841,4.82018504442496,0.00976935527999279,1.0374980803515,9.77515813312121,0.365919390628103
Screen_Balance and VR_1_sCH08TU30_A_HB_t1.csv,CH08TU30,0.0265422893151318,0.0675319683152196,0.0647140020395849,0.110598651039666,0.208810519152574,16.0277593179985,6.27951603170041,0.00462772946675469,1.62292037667448,13.8387124882285,0.63607509319671
Screen_Balance and VR_1_sCH08TU30_A_HB_t2.csv,CH08TU30,0.0227082896471231,0.105601542179394,5.97460527605039,0.186086815157781,0.208899507025263,16.4536858517254,6.47184088443102,0.00782043140750133,1.62292037667448,13.8387124882285,0.619012609112294
Screen_Balance and VR_1_sCH08TU30_A_HB_t3.csv,CH08TU30,0.0232028013579209,0.0613614357707795,2.72712133759982,0.211377686532313,0.197296542798237,16.6490734620041,5.0093654783374,0.000427115230696888,1.62292037667448,13.8387124882285,0.464251630493522
Screen_Balance and VR_1_sCH08TU30_A_HB_t4.csv,CH08TU30,0.0100500276618397,0.10028978256907,4.24672888418733,0.0843748206413258,0.211261805399158,19.7805086594026,5.65497263142217,1.23962175622474e-08,1.62292037667448,13.8387124882285,1.30353740361958
Screen_Balance and VR_1_sCH08TU30_A_LB_t1.csv,CH08TU30,0.0164449405661732,0.0653336564009025,7.05904798877522,0.276234323712966,0.192665097272857,16.4704412490437,6.4953800755757,0.0138388339871444,1.62292037667448,13.8387124882285,0.478358148286303
Screen_Balance and VR_1_sCH08TU30_A_LB_t2.csv,CH08TU30,0.023046029007916,0.150138240670721,11.0770958802785,0.263923530250105,0.200912024016294,16.6992634299275,6.55608340536899,0.0153921777779759,1.62292037667448,13.8387124882285,0.694116938896304
Screen_Balance and VR_1_sCH08TU30_A_LB_t3.csv,CH08TU30,0.0692436642814346,0.167277218593181,4.76264263764238,0.376520255835862,0.201689536732419,17.1167652966908,6.35414974751666,0.00510276682225544,1.62292037667448,13.8387124882285,0.28536373146962
Screen_Balance and VR_1_sCH08TU30_A_LB_t4.csv,CH08TU30,0.0356909363111837,0.217362636587743,3.95975943374088,0.207517440365888,0.195649622362402,16.5691691054315,7.23117284971848,0.0152169476353803,1.62292037667448,13.8387124882285,0.480396683299018
Screen_Balance and VR_1_sCH10AL22_A_HB_t1.csv,CH10AL22,0.0233446501610577,0.0966874500711656,7.94115227791948,0.320823655340677,0.163381373034153,18.1304232834154,4.93659225250541,0.003113921345779,1.70289393995508,13.8255130077247,0.52464571667204
Screen_Balance and VR_1_sCH10AL22_A_HB_t2.csv,CH10AL22,0.0401146259244666,0.299247880530339,11.9859618243924,0.319255265815637,0.16770044435036,18.347984133082,5.1306564309292,0.00595916584726098,1.70289393995508,13.8255130077247,0.719865793858004
Screen_Balance and VR_1_sCH10AL22_A_HB_t3.csv,CH10AL22,0.023660803607823,0.213862203378644,7.34491552580202,0.284265092258602,0.196295649145917,17.6194240191695,5.29279487832237,4.4578021747665e-08,1.70289393995508,13.8255130077247,0.53598672662266
Screen_Balance and VR_1_sCH10AL22_A_HB_t4.csv,CH10AL22,0.0651521889927532,0.221160812141282,12.6898049376575,0.37808218895636,0.193622449954773,16.9006738358139,6.28057586400412,0.00617911713019264,1.70289393995508,13.8255130077247,0.578614208838027
Screen_Balance and VR_1_sCH10AL22_A_LB_t1.csv,CH10AL22,0.151569067373372,0.409821310945139,12.944796230551,0.814433910993197,0.241399998249163,27.6902617112403,4.20746393013219,0.00146259991810342,1.70289393995508,13.8255130077247,0.504556855230718
Screen_Balance and VR_1_sCH10AL22_A_LB_t2.csv,CH10AL22,0.0248129379832324,0.078605093936864,10.6059138802823,0.355581983890563,0.207956642142182,18.3035596352263,5.80378787406569,0.000334867325519968,1.70289393995508,13.8255130077247,0.540365379090039
Screen_Balance and VR_1_sCH10AL22_A_LB_t3.csv,CH10AL22,0.0237911748139511,0.072163829684967,5.74101285132508,0.29121950624647,0.190225662024152,19.2112980500551,5.96621830961377,0.000897032529314461,1.70289393995508,13.8255130077247,0.454339751287979
Screen_Balance and VR_1_sCH10AL22_A_LB_t4.csv,CH10AL22,0.0838695463605873,0.0723481707534561,4.03840130880033,0.345896604563597,0.201531810797927,17.3960194933907,5.75138618926677,0.00335540172659302,1.70289393995508,13.8255130077247,0.311833658724695
Screen_Balance and VR_1_sRE13ON18_A_HB_t1.csv,RE13ON18,0.0139411248810466,0.0764125616248483,11.6589423283922,0.282631696639378,0.169807012434134,13.9465282467657,7.54375701311906,0.0135773176835315,1.37607898085449,11.6042290029375,0.682769104130289
Screen_Balance and VR_1_sRE13ON18_A_HB_t2.csv,RE13ON18,0.0125968319229636,0.0611976654241691,11.1554987143599,0.204736401258712,0.192918988278197,18.0906351520367,6.083905134223,0.00102185929563241,1.37607898085449,11.6042290029375,0.95293976693874
Screen_Balance and VR_1_sRE13ON18_A_HB_t3.csv,RE13ON18,0.0279734510734671,0.123100484206569,13.9534470869756,0.627716581603078,0.29999998717754,24.1871315088091,17.4063415388619,0.0189144389525389,1.37607898085449,11.6042290029375,0.683910466534443
Screen_Balance and VR_1_sRE13ON18_A_HB_t4.csv,RE13ON18,0.044735862832834,0.0660221763186233,12.5166098700144,0.371428113750286,0.203054419588213,14.2182571177716,6.50845822380558,0.00826489059826715,1.37607898085449,11.6042290029375,0.532857989403705
Screen_Balance and VR_1_sRE13ON18_B_LB_t1.csv,RE13ON18,0.0473022908568867,0.162243263347321,22.3375365397074,0.176568787668996,0.168151566216003,17.1242606890139,6.80959879108023,6.56590044989285e-05,1.37607898085449,11.6042290029375,2.97984922799936
Screen_Balance and VR_1_sRE13ON18_B_LB_t2.csv,RE13ON18,0.0467336321667114,0.196474772797733,20.3739481350485,0.532387725199935,0.192347708201345,16.2994269712737,7.19873428840663,5.82588271157958e-10,1.37607898085449,11.6042290029375,0.775560141720826
Screen_Balance and VR_1_sRE13ON18_B_LB_t3.csv,RE13ON18,0.0150578188330895,0.0629403642564871,10.8356382718588,0.202560018312062,0.171593740508544,16.7327262282791,5.658864149632,0.0133412628333611,1.37607898085449,11.6042290029375,0.957728833185981
Screen_Balance and VR_1_sRE13ON18_B_LB_t4.csv,RE13ON18,0.0439823255746455,0.0688671463518134,15.2029794001726,0.238696005245336,0.211655978366348,14.9642279917563,6.76225442653372,0.00908604622219099,1.37607898085449,11.6042290029375,1.01710107580879
Screen_Balance and VR_1_sCA04TU11_B_HB_t2.csv,CA04TU11,0.0354276692814298,0.0705438444786896,2.59592819089257,0.302368817338009,0.198428288551319,16.4195626335108,5.93974770145572,0.00791403698478587,1.5177341700601,12.798781988534,0.302363814568288
Screen_Balance and VR_1_sCA04TU11_B_HB_t3.csv,CA04TU11,0.0403976442130248,0.0844186426272847,4.29671974258063,0.291725730060488,0.219037198299242,15.9355279783631,5.63738293447598,0.00522132815411693,1.5177341700601,12.798781988534,0.347690469362134
Screen_Balance and VR_1_sCA04TU11_B_HB_t4.csv,CA04TU11,0.0351400329859777,0.072420747985429,-0.43770918834664,0.293354060259879,0.219621173583936,15.1119863317818,5.76320427158273,0.0089130337386168,1.5177341700601,12.798781988534,0.228209324829929
Screen_Balance and VR_1_sCA04TU11_B_HB_t5.csv,CA04TU11,0.0332240501028771,0.0661506020066855,6.22121542019435,0.267451521385005,0.228301037315668,14.5814181488683,6.09641207324011,0.00746676541277674,1.5177341700601,12.798781988534,0.418891251887358
Screen_Balance and VR_1_sCA04TU11_A_LB_t1.csv,CA04TU11,0.10496790324954,0.0487690593990892,7.83054438197551,0.381331352228665,0.195695373746184,15.5417792844439,5.68672119949577,0.00497083666769683,1.5177341700601,12.798781988534,0.372491892812683
Screen_Balance and VR_1_sCA04TU11_A_LB_t2.csv,CA04TU11,0.0569425182168905,0.0788135681975482,0.436164596018305,0.264536676669067,0.175104054652098,16.2882473019251,5.1689942480721,0.0055649853911831,1.5177341700601,12.798781988534,0.311644034537529
Screen_Balance and VR_1_sCA04TU11_A_LB_t3.csv,CA04TU11,0.0276602904687131,0.0867740791707035,3.25120543676874,0.276160036628371,0.212134181884135,15.3223525256947,6.24797853537965,0.00367489512759409,1.5177341700601,12.798781988534,0.335046965778449
Screen_Balance and VR_1_sCA04TU11_A_LB_t4.csv,CA04TU11,0.0582383094263242,0.0830375525323236,5.36850246102131,0.382350519373198,0.193543687367226,15.9964234285007,5.56243771298691,0.00538198649672297,1.5177341700601,12.798781988534,0.307001995208351
Screen_Balance and VR_1_sKA14RE15_A_HB_t1.csv,KA14RE15,0.0172658335867335,0.0266914941927649,0.564245751810979,0.219185204283837,0.219519910809641,13.230607527268,5.35963776752124,0.00776123714057828,1.25712486853252,11.0913349033601,0.31770631472766
Screen_Balance and VR_1_sKA14RE15_A_HB_t2.csv,KA14RE15,0.024610178154999,0.0259267354623426,-4.73982632523644,0.25415956099014,0.189848372291813,13.9466854163322,5.03747740845584,0.00527388889672075,1.25712486853252,11.0913349033601,0.193714239193612
Screen_Balance and VR_1_sKA14RE15_A_HB_t3.csv,KA14RE15,0.0480224588110634,0.0291635531147544,-1.34063753989653,0.283850682310373,0.189052223189982,13.6663539155159,4.73171146479464,0.00827094974510734,1.25712486853252,11.0913349033601,0.230107939258402
Screen_Balance and VR_1_sKA14RE15_A_HB_t4.csv,KA14RE15,0.0504121348203218,0.0380019561043384,5.31232307295916,0.307093304740664,0.200481055305504,13.4820273120882,4.54312367982103,0.00579879422011019,1.25712486853252,11.0913349033601,0.362236212422906
Screen_Balance and VR_1_sKA14RE15_B_LB_t1.csv,KA14RE15,0.0232987308533493,0.0319837971132265,-5.20747752291926,0.2062091189264,0.208726355962737,12.9968860270248,4.83816402661744,0.00806430402941939,1.25712486853252,11.0913349033601,0.215375449571628
Screen_Balance and VR_1_sKA14RE15_B_LB_t2.csv,KA14RE15,0.0346083659631265,0.0432804249356734,0.0209652180389348,0.291274660881443,0.201707859070983,13.698804734892,5.01510045509879,0.00604142060294833,1.25712486853252,11.0913349033601,0.242848008463159
Screen_Balance and VR_1_sKA14RE15_B_LB_t3.csv,KA14RE15,0.0344427520215819,0.0348711344500352,5.69441419056471,0.330586442759154,0.164311413178142,14.4055518583676,4.91714582369373,0.00690252962784634,1.25712486853252,11.0913349033601,0.381434805295723
Screen_Balance and VR_1_sKA14RE15_B_LB_t4.csv,KA14RE15,0.0426864065427441,0.0432248075142025,2.47116713991588,0.404554426341676,0.156192276735748,14.3187531294938,4.63912011731151,0.00814314974751169,1.25712486853252,11.0913349033601,0.244612455979087
Screen_Balance and VR_1_sAN23BE15_A_HB_t1.csv,AN23BE15,0.0261514885274269,0.0628527983853717,5.68266703902489,0.268885790036368,0.209106418554093,15.3925413823195,6.52955669676042,0.00920566136183323,1.51409036029882,12.6979002446833,0.418210727710556
Screen_Balance and VR_1_sAN23BE15_A_HB_t2.csv,AN23BE15,0.0360662474026013,0.0333890394551802,8.31327845447403,0.242814264552467,0.245949687788283,15.0411639736466,6.57954759389404,0.0060132142139831,1.51409036029882,12.6979002446833,0.534686595005639
Screen_Balance and VR_1_sAN23BE15_A_HB_t3.csv,AN23BE15,0.0362030726275126,0.091056871371931,11.4433887229309,0.276840500462819,0.219273534964341,15.804085189874,6.28232548976647,0.00604269519939538,1.51409036029882,12.6979002446833,0.653254464899579
Screen_Balance and VR_1_sAN23BE15_A_HB_t4.csv,AN23BE15,0.0862457661194786,0.0511215546094201,10.3599519599046,0.283256724751108,0.233802992181829,15.4021623956282,6.7284214062571,0.00442296914357292,1.51409036029882,12.6979002446833,0.559388180643361
Screen_Balance and VR_1_sAN23BE15_B_LB_t1.csv,AN23BE15,0.02821559395707,0.0638182412224185,5.66762529631064,0.268263287855689,0.21919286347614,15.5115278941623,6.75842376223253,0.00824101009711777,1.51409036029882,12.6979002446833,0.408265197100245
Screen_Balance and VR_1_sAN23BE15_B_LB_t2.csv,AN23BE15,0.0672285082552392,0.0793708226196302,11.2531482118678,0.308683278129962,0.230379896992673,15.346017512019,6.26835353309308,0.00205953756790725,1.51409036029882,12.6979002446833,0.573743779285783
Screen_Balance and VR_1_sAN23BE15_B_LB_t3.csv,AN23BE15,0.0221037322124149,0.100364344157207,9.62028647799192,0.34480307808762,0.239237820136834,16.1088401559809,6.10202517682141,6.98025411667541e-08,1.51409036029882,12.6979002446833,0.461147908619633
Screen_Balance and VR_1_sAN23BE15_B_LB_t4.csv,AN23BE15,0.0607665797576188,0.120576718712885,13.5522127548163,0.266099961670663,0.226109340678701,15.601393060659,6.38524990669774,0.00732142993340455,1.51409036029882,12.6979002446833,0.793942520565692
Screen_Balance and VR_1_sEL30AD28_B_HB_t1.csv,EL30AD28,0.0227344377854224,0.025840012449613,5.91193766328808,0.233247742361283,0.168298136651527,15.3655405373821,4.87823150373207,0.00582801956308015,1.3705518051054,12.1623784642422,0.546842699273944
Screen_Balance and VR_1_sEL30AD28_B_HB_t2.csv,EL30AD28,0.0221690745226946,0.0809555729125415,11.6643754492388,0.226940680831583,0.188634746132339,16.2638880365115,5.22259312148018,5.38500523513432e-09,1.3705518051054,12.1623784642422,0.907577703304084
Screen_Balance and VR_1_sEL30AD28_B_HB_t3.csv,EL30AD28,0.0485274748366131,0.135869840636697,5.99461932537161,0.31552554075866,0.174790899735436,15.2236981466863,4.45971278689433,2.66810797887861e-11,1.3705518051054,12.1623784642422,0.426252827912669
Screen_Balance and VR_1_sEL30AD28_B_HB_t4.csv,EL30AD28,0.0280386304281819,0.136371321793797,0.899279437244477,0.234891197088776,0.207705504452421,14.9471298449064,5.31925409080831,0.00637184555125599,1.3705518051054,12.1623784642422,0.318939925922638
Screen_Balance and VR_1_sEL30AD28_A_LB_t1.csv,EL30AD28,0.0104716303139519,0.0193431382009777,-5.55464805134356,0.179480900596147,0.140193797118652,16.0288364158598,4.65194647251579,0.00263530068263396,1.3705518051054,12.1623784642422,0.305949538258624
Screen_Balance and VR_1_sEL30AD28_A_LB_t2.csv,EL30AD28,0.0081024520404175,0.0252066010378198,-0.320942286012691,0.19243487856348,0.157388216696357,16.1715435653472,4.90899357002945,0.00666836365129691,1.3705518051054,12.1623784642422,0.409176161059248
Screen_Balance and VR_1_sEL30AD28_A_LB_t3.csv,EL30AD28,0.0062694558096048,0.0192958089189477,-4.45883146436984,0.19665609941338,0.152316981107096,16.2617097615408,5.00278666337921,0.00530012062615428,1.3705518051054,12.1623784642422,0.288616746689074
Screen_Balance and VR_1_sEL30AD28_A_LB_t4.csv,EL30AD28,0.00861194448743541,0.041243418041642,6.14270501189988,0.196408425866721,0.178042847710084,15.3757163890857,5.93363604738588,0.00420022281307069,1.3705518051054,12.1623784642422,0.633982442889742
Screen_Balance and VR_1_sCH11RE22_A_HB_t1.csv,CH11RE22,0.0051261612875635,0.0229682807318255,-1.91480870814289,0.112773579392036,0.215102442708033,12.1925661621286,4.04161972106566,0.00127785345070425,1.07616916190848,9.71953175099793,0.534300865260509
Screen_Balance and VR_1_sCH11RE22_A_HB_t2_INCOMPLETE.csv,CH11RE22,0.00903936147586922,0.0205635022594836,2.71892554291128,0.136223416399165,0.236368912720162,11.7678615681641,4.63961990609408,0.0085041349466565,1.07616916190848,9.71953175099793,0.585713105188941
Screen_Balance and VR_1_sCH11RE22_A_HB_t3_INCOMPLETE.csv,CH11RE22,0.0102126231202063,0.020357228180925,-2.09820941281268,0.12397709422465,0.234967991483577,11.8581325509928,4.5243665125311,3.69724428784948e-09,1.07616916190848,9.71953175099793,0.458526149071943
Screen_Balance and VR_1_sCH11RE22_A_HB_t4_INCOMPLETE.csv,CH11RE22,0.00708224330503413,0.0272672353964308,2.15570441155964,0.119628259387235,0.197225163089387,13.1256800951536,4.12936684286562,0.00615481165762046,1.07616916190848,9.71953175099793,0.724541418442053
Screen_Balance and VR_1_sCH11RE22_A_LB_t1_INCOMPLETE.csv,CH11RE22,0.00574178221344247,0.016543313581597,-0.195374322825481,0.11949261303361,0.20082360119832,13.1461297316374,4.98007856287347,0.00727214699856317,1.07616916190848,9.71953175099793,0.570117451402908
Screen_Balance and VR_1_sCH11RE22_A_LB_t2_INCOMPLETE.csv,CH11RE22,0.014453289770444,0.0227193190915285,2.1501418865864,0.16366554187486,0.225920949288191,12.0261212800851,4.81225209021215,0.00447588192843323,1.07616916190848,9.71953175099793,0.478326912612862
Screen_Balance and VR_1_sCH11RE22_A_LB_t3_INCOMPLETE.csv,CH11RE22,0.00703539914703741,0.0238922416912323,-1.77529369294099,0.116717894019931,0.206152146450438,11.9200188072248,4.66437090461352,0.0148961896042705,1.07616916190848,9.71953175099793,0.50261113022743
Screen_Balance and VR_1_sCH11RE22_A_LB_t4_INCOMPLETE.csv,CH11RE22,0.00792292724049021,0.0279873773969206,3.67692344481101,0.0653279998892113,0.216687139135025,13.573652544235,5.12925977898864,0.00269626141346183,1.07616916190848,9.71953175099793,1.41539397709151
Screen_Balance and VR_1_sAN07IE11_A_HB_t1.csv,AN07IE11,0.01635833868887,0.0424113885059773,3.14768475785074,0.307339877338084,0.188226181057335,13.9543567364295,5.66717418087839,0.0193843904735666,1.31592986756174,11.3477819531488,0.310346675773025
Screen_Balance and VR_1_sAN07IE11_A_HB_t2.csv,AN07IE11,0.031990657040617,0.0458984582458866,9.68748424244285,0.367773788757915,0.197406271871095,15.85878755359,6.18289072823027,0.0121352191782381,1.31592986756174,11.3477819531488,0.433153447569105
Screen_Balance and VR_1_sAN07IE11_A_HB_t3.csv,AN07IE11,0.0248608427687697,0.072819566008671,9.84353405359807,0.358578497323519,0.192890855940175,13.9438282540934,6.13799460661648,0.0203036040434888,1.31592986756174,11.3477819531488,0.45211893601901
Screen_Balance and VR_1_sAN07IE11_A_HB_t4_INCOMPLETE.csv,AN07IE11,0.022321046279692,0.102398810916361,9.85911965012468,0.468823928288984,0.185339813151478,15.5237856907959,6.35149763321863,0.0165353455623478,1.31592986756174,11.3477819531488,0.351564709120243
Screen_Balance and VR_1_sAN07IE11_B_LB_t1.csv,AN07IE11,0.0303988356064695,0.0812330376972231,13.8068535849533,0.387627394969604,0.187487778400048,14.2116656676598,6.00910407708421,0.0158706791690395,1.31592986756174,11.3477819531488,0.588833578398033
Screen_Balance and VR_1_sAN07IE11_B_LB_t2_INCOMPLETE.csv,AN07IE11,0.0468592884860402,0.131264326293861,13.8260218554081,0.489931099865462,0.21165075147947,13.914408890276,5.75283618882635,0.00990688477290483,1.31592986756174,11.3477819531488,0.443235534348873
Screen_Balance and VR_1_sAN07IE11_B_LB_t3_INCOMPLETE.csv,AN07IE11,0.0720287554222217,0.0721244717547242,16.3337988572742,0.509199277384608,0.194311265196389,14.6181172809664,5.43354881822981,0.00973652747621012,1.31592986756174,11.3477819531488,0.557030374358229
Screen_Balance and VR_1_sAN07IE11_B_LB_t4_INCOMPLETE.csv,AN07IE11,0.0479041514029944,0.127997960442353,13.5332595799116,0.468156369878579,0.211425698347955,15.3317852822033,5.4655824518178,0.00366542051316094,1.31592986756174,11.3477819531488,0.472638926487077
Screen_Balance and VR_1_sAN06AN18_B_HB_t1_INCOMPLETE.csv,AN06AN18,0.0250515451884606,0.1700223245176,4.51551112462936,0.143505187198637,0.201877056878473,9.43218195388001,3.54029736674693,0.01167599226319,0.77650951128817,7.54916002815408,0.662534695141827
Screen_Balance and VR_1_sAN06AN18_B_HB_t2_INCOMPLETE.csv,AN06AN18,0.0293852941364444,0.152911866215265,13.1010366313972,0.240279775905152,0.239556399493038,8.99725768519741,3.28606491143189,5.67250383044241e-09,0.77650951128817,7.54916002815408,0.784783193229438
Screen_Balance and VR_1_sAN06AN18_B_HB_t3.csv,AN06AN18,0.0461961100717529,0.106439965942532,6.83744057730411,0.193207609667462,0.196053402053556,9.26692301053194,3.46561643544063,0.0161773621917335,0.77650951128817,7.54916002815408,0.605570300996307
Screen_Balance and VR_1_sAN06AN18_B_HB_t4_INCOMPLETE.csv,AN06AN18,0.0361498566421419,0.0793420798928098,9.46517422226459,0.205090379627924,0.25420649309841,8.24520204933765,3.7884066607932,0.00804992449582748,0.77650951128817,7.54916002815408,0.594495610245165
Screen_Balance and VR_1_sAN06AN18_A_LB_t1.csv,AN06AN18,0.0497499017947479,0.106095092182645,9.87069635660388,0.266884904236215,0.216437160972439,8.75742963871515,3.04970642067045,0.0113840757421425,0.77650951128817,7.54916002815408,0.535860933566708
Screen_Balance and VR_1_sAN06AN18_A_LB_t2.csv,AN06AN18,0.0191519451627873,0.10714806231491,6.48022384042417,0.20743470595585,0.21438314285823,8.25993602671628,3.20077958982543,0.0234112936115998,0.77650951128817,7.54916002815408,0.520798952261466
Screen_Balance and VR_1_sAN06AN18_A_LB_t3_INCOMPLETE.csv,AN06AN18,0.0443701153593444,0.159670452632619,6.78974127349158,0.221838618997963,0.219461784624216,8.40201022843979,3.33642434531676,0.00969600206226636,0.77650951128817,7.54916002815408,0.481818213385346
Screen_Balance and VR_1_sAN06AN18_A_LB_t4_INCOMPLETE.csv,AN06AN18,0.0238037864738623,0.139084038350512,4.06275548891036,0.209301609329865,0.201750531156159,8.88718859208813,3.0344712855031,0.0134362271673142,0.77650951128817,7.54916002815408,0.439319337218041
Screen_Balance and VR_1_sPE16IN18_B_HB_t1.csv,PE16IN18,0.0117168369460024,0.0327311740763107,1.61804543923744,0.162625422120663,0.208450216186833,11.9668448410548,3.6537657669421,0.000351783360138669,1.04603715920213,9.50362596275673,0.513148427486359
Screen_Balance and VR_1_sPE16IN18_B_HB_t2.csv,PE16IN18,0.0271921292502624,0.0533672592686205,2.82939918924371,0.184586032852471,0.23195735850173,10.7600754164422,3.91194155287668,0.00735291517368534,1.04603715920213,9.50362596275673,0.433115874647357
Screen_Balance and VR_1_sPE16IN18_B_HB_t3.csv,PE16IN18,0.0237250475688665,0.057988200346973,-2.10919445469814,0.190752589642444,0.244035881297194,10.6832901760245,4.31878021360917,0.00700469887676744,1.04603715920213,9.50362596275673,0.268064766111282
Screen_Balance and VR_1_sPE16IN18_B_HB_t4.csv,PE16IN18,0.0273832408809332,0.0382151435944422,-5.13342078799662,0.180116587795577,0.225012812160712,11.0435082855659,4.04846533237798,0.00674394663955379,1.04603715920213,9.50362596275673,0.234358464002967
Screen_Balance and VR_1_sPE16IN18_A_LB_t1_INCOMPLETE.csv,PE16IN18,0.0151150302926428,0.0356785412470529,0.492675845695482,0.136138371505387,0.168525254172833,10.9343371963965,3.74769350278421,0.0104928306641021,1.04603715920213,9.50362596275673,0.568197243370199
Screen_Balance and VR_1_sPE16IN18_A_LB_t2_INCOMPLETE.csv,PE16IN18,0.0137771677055342,0.0439584504016714,-0.293736905422458,0.142593872654292,0.214986684795107,11.2986510207814,4.02387237333988,0.00696615126888439,1.04603715920213,9.50362596275673,0.45798811951364
Screen_Balance and VR_1_sPE16IN18_A_LB_t3_INCOMPLETE.csv,PE16IN18,0.0194679854187945,0.0796730816478876,-3.00183209540687,0.243102951168738,0.176406807187196,11.623298858223,3.46292379764834,0.00572543860726983,1.04603715920213,9.50362596275673,0.241576559310451
Screen_Balance and VR_1_sPE16IN18_A_LB_t4_INCOMPLETE.csv,PE16IN18,0.0681624887881498,0.102196696617552,2.36463762444881,0.390377104085661,0.157983797358127,12.0108230245056,3.53673975832589,0.00670719992262479,1.04603715920213,9.50362596275673,0.248391084802955
Screen_Balance and VR_1_sDI16UB31_A_HB_t1.csv,DI16UB31,0.0226361550683308,0.0407880164128586,7.35359932070917,0.297559938661553,0.179214932561213,10.8715968267513,4.82757944813829,0.0155793857411957,1.0374980803515,9.77515813312121,0.422507253626396
Screen_Balance and VR_1_sDI16UB31_A_HB_t2.csv,DI16UB31,0.0244921207010988,0.0576513544325424,3.7468966999475,0.267621877751906,0.184004003545278,12.6804894503379,4.51026019161025,0.00721138839676955,1.0374980803515,9.77515813312121,0.361363020837485
Screen_Balance and VR_1_sDI16UB31_A_HB_t3.csv,DI16UB31,0.0277965412920422,0.062340027223184,1.01975233539811,0.356990329660467,0.185160897097174,12.8646322354002,4.25780617601393,0.000567235649142055,1.0374980803515,9.77515813312121,0.227021040096324
Screen_Balance and VR_1_sDI16UB31_A_HB_t4.csv,DI16UB31,0.037173200322926,0.0506217846727088,-0.508067690920392,0.33916554067274,0.176468769948159,13.5512074793134,4.1942858579784,0.0019398295673347,1.0374980803515,9.77515813312121,0.214115999876218
Screen_Balance and VR_1_sDI16UB31_B_LB_t1.csv,DI16UB31,0.0292622899820688,0.0360184958356685,7.26089145029996,0.318111130512177,0.203840277869697,11.400308947586,4.92371587744102,0.010791174485122,1.0374980803515,9.77515813312121,0.371635389993522
Screen_Balance and VR_1_sDI16UB31_B_LB_t2.csv,DI16UB31,0.0273733416120527,0.0657922475546457,-1.78529927278517,0.35730836814824,0.170273887154563,14.2466203924071,4.31008350104517,0.00431697211293006,1.0374980803515,9.77515813312121,0.18333039047111
Screen_Balance and VR_1_sDI16UB31_B_LB_t3.csv,DI16UB31,0.0301520804623766,0.0338264153979361,1.10032647718323,0.322904836805319,0.198374306265021,12.3909504833793,4.59613430666389,0.00926913121671264,1.0374980803515,9.77515813312121,0.229603346405543
Screen_Balance and VR_1_sDI16UB31_B_LB_t4.csv,DI16UB31,0.0259619878694019,0.0445386301797726,6.0330750755556,0.309246664403414,0.190097209098362,12.5033736593346,4.82058058155613,0.00977003159147566,1.0374980803515,9.77515813312121,0.365944137142999
Screen_Balance and VR_1_sCH08TU30_A_HB_t1.csv,CH08TU30,0.0265422893151318,0.0675319683152196,0.0647140020395849,0.110598651039666,0.208810519152574,16.0277593179985,6.27951603170041,0.00462772946675469,1.62292037667448,13.8387124882285,0.63607509319671
Screen_Balance and VR_1_sCH08TU30_A_HB_t2.csv,CH08TU30,0.0227082896471231,0.105601542179394,5.97460290054079,0.186093505840643,0.208915834726743,16.452930109963,6.47199947738529,0.00781699272985731,1.62292037667448,13.8387124882285,0.61872414565941
Screen_Balance and VR_1_sCH08TU30_A_HB_t3.csv,CH08TU30,0.0232028013579209,0.0613614357707795,2.72712132669828,0.211369333892026,0.197308517706594,16.6488295765054,5.0096836288101,0.000428212380479564,1.62292037667448,13.8387124882285,0.464194989006339
Screen_Balance and VR_1_sCH08TU30_A_HB_t4.csv,CH08TU30,0.0100500276618397,0.10028978256907,4.24672888418733,0.0843748206413258,0.211261805399158,19.7805086594026,5.65497263142217,1.23962175622474e-08,1.62292037667448,13.8387124882285,1.30353740361958
Screen_Balance and VR_1_sCH08TU30_A_LB_t1.csv,CH08TU30,0.0164449405661732,0.0653336564009025,7.05904798877529,0.276234324995653,0.192665095709253,16.4704413440693,6.49538004885491,0.0138388339779833,1.62292037667448,13.8387124882285,0.478358151857618
Screen_Balance and VR_1_sCH08TU30_A_LB_t2.csv,CH08TU30,0.023046029007916,0.150138240670721,11.0770958802785,0.263923530250105,0.200912024016294,16.6992634299275,6.55608340536899,0.0153921777779759,1.62292037667448,13.8387124882285,0.694116938896304
Screen_Balance and VR_1_sCH08TU30_A_LB_t3.csv,CH08TU30,0.0692436642814346,0.167277218593181,4.76264263764226,0.376520255768074,0.201689536684097,17.1167652953343,6.35414974470843,0.00510276683909244,1.62292037667448,13.8387124882285,0.285363732675542
Screen_Balance and VR_1_sCH08TU30_A_LB_t4.csv,CH08TU30,0.0356909363111837,0.217362636587743,3.95974441097986,0.207571366573368,0.195626158945982,16.570786600269,7.23070039746193,0.0152130012623712,1.62292037667448,13.8387124882285,0.479725818534728
Screen_Balance and VR_1_sCH10AL22_A_HB_t1.csv,CH10AL22,0.0233446501610577,0.0966874500711656,7.9411497028389,0.320801724480697,0.163404617665382,18.1299087984035,4.93779427189091,0.00311495705823022,1.70289393995508,13.8255130077247,0.524577471286656
Screen_Balance and VR_1_sCH10AL22_A_HB_t2.csv,CH10AL22,0.0401146259244666,0.299247880530339,11.9859618243924,0.319255264550007,0.167700445004517,18.347984092996,5.13065643789568,0.00595916582542291,1.70289393995508,13.8255130077247,0.719865801643019
Screen_Balance and VR_1_sCH10AL22_A_HB_t3.csv,CH10AL22,0.023660803607823,0.213862203378644,7.34491552580202,0.284265092258602,0.196295649145917,17.6194240191695,5.29279487832237,4.4578021747665e-08,1.70289393995508,13.8255130077247,0.53598672662266
Screen_Balance and VR_1_sCH10AL22_A_HB_t4.csv,CH10AL22,0.0651521889927532,0.221160812141282,12.6898049376575,0.37808218895636,0.193622449954773,16.9006738358139,6.28057586400412,0.00617911713019264,1.70289393995508,13.8255130077247,0.578614208838027
Screen_Balance and VR_1_sCH10AL22_A_LB_t1.csv,CH10AL22,0.151569067373372,0.409821310945139,12.9447962305465,0.814433770724467,0.241400032423643,27.6902511827243,4.20746577876862,0.00146260634402234,1.70289393995508,13.8255130077247,0.504556833096275
Screen_Balance and VR_1_sCH10AL22_A_LB_t2.csv,CH10AL22,0.0248129379832324,0.078605093936864,10.6059138801458,0.355584450696942,0.207956638732909,18.3035741133657,5.80377211899704,0.00033477173455174,1.70289393995508,13.8255130077247,0.540362714052205
Screen_Balance and VR_1_sCH10AL22_A_LB_t3.csv,CH10AL22,0.0237911748139511,0.072163829684967,5.74101285132508,0.29121950624647,0.190225662024152,19.2112980500551,5.96621830961377,0.000897032529314461,1.70289393995508,13.8255130077247,0.454339751287979
Screen_Balance and VR_1_sCH10AL22_A_LB_t4.csv,CH10AL22,0.0838695463605873,0.0723481707534561,4.03839963282618,0.345898420268288,0.20153180467708,17.3962500431588,5.75130879674696,0.00335382438080501,1.70289393995508,13.8255130077247,0.311943707226867
Screen_Balance and VR_1_sRE13ON18_A_HB_t1.csv,RE13ON18,0.0139411248810466,0.0764125616248483,11.6589423283922,0.282631696639378,0.169807012434134,13.9465282467657,7.54375701311906,0.0135773176835315,1.37607898085449,11.6042290029375,0.682769104130289
Screen_Balance and VR_1_sRE13ON18_A_HB_t2.csv,RE13ON18,0.0125968319229636,0.0611976654241691,11.1554615749899,0.204718195695409,0.193010880242677,18.083681752435,6.08523224743821,0.00100597606485297,1.37607898085449,11.6042290029375,0.95292095551637
Screen_Balance and VR_1_sRE13ON18_A_HB_t3.csv,RE13ON18,0.0279734510734671,0.123100484206569,13.9534470869756,0.627716581603078,0.29999998717754,24.1871315088091,17.4063415388619,0.0189144389525389,1.37607898085449,11.6042290029375,0.683910466534443
Screen_Balance and VR_1_sRE13ON18_A_HB_t4.csv,RE13ON18,0.044735862832834,0.0660221763186233,12.5166091860249,0.371476785078033,0.203053795539093,14.2177245296496,6.50868966381514,0.00826479220508494,1.37607898085449,11.6042290029375,0.532803537604598
Screen_Balance and VR_1_sRE13ON18_B_LB_t1.csv,RE13ON18,0.0473022908568867,0.162243263347321,22.3391345189814,0.1724123867241,0.1692365039828,16.9075547768405,6.86083032495037,0.000384460012993066,1.37607898085449,11.6042290029375,3.02812364641452
Screen_Balance and VR_1_sRE13ON18_B_LB_t2.csv,RE13ON18,0.0467336321667114,0.196474772797733,20.3739481350485,0.532387725199935,0.192347708201345,16.2994269712737,7.19873428840663,5.82588271157958e-10,1.37607898085449,11.6042290029375,0.775560141720826
Screen_Balance and VR_1_sRE13ON18_B_LB_t3.csv,RE13ON18,0.0150578188330895,0.0629403642564871,10.8356382718588,0.202560021242717,0.171593741640885,16.7327262712436,5.65886418701109,0.0133412626152027,1.37607898085449,11.6042290029375,0.957728801880521
Screen_Balance and VR_1_sRE13ON18_B_LB_t4.csv,RE13ON18,0.0439823255746455,0.0688671463518134,15.2029794001726,0.238696005245336,0.211655978366348,14.9642279917563,6.76225442653372,0.00908604622219099,1.37607898085449,11.6042290029375,1.01710107580879
Screen_Balance and VR_1_sDO11UB30_A_LB1_t1.csv,DO11UB30,0.0448634619558744,0.137550807285677,16.0123220276119,0.357273106234813,0.174453994657723,19.9832751743363,6.49431757896698,0.00756685968785131,1.85344709146127,14.9682108913419,0.867014511314728
Screen_Balance and VR_1_sDO11UB30_A_LB1_t2.csv,DO11UB30,0.0673654162406252,0.0879702692003006,8.87252969191192,0.450060496442714,0.196585956176992,19.3623903930794,6.96418446865229,0.00633753230947334,1.85344709146127,14.9682108913419,0.355635582228284
Screen_Balance and VR_1_sDO11UB30_A_LB1_t3.csv,DO11UB30,0.122808100204526,0.178337116988146,13.7052718423098,0.627232727582278,0.220741181987711,19.3188649782964,7.69929872247885,0.00354578710962286,1.85344709146127,14.9682108913419,0.359732885942019
Screen_Balance and VR_1_sBI20OE24_B_H1B__t1_INCOMPLETE.csv,BI20OE24,0.0103430269944887,0.0264151612878236,-0.62721432449972,0.243833594133288,0.189470828170362,12.4989998846704,4.80418459315475,0.0145992737611627,1.04627620893558,10.0438618433777,0.263691866317546
Screen_Balance and VR_1_sBI20OE24_B_H1B__t2_INCOMPLETE.csv,BI20OE24,0.0158661700705393,0.0846661156267913,5.27081987587359,0.253499485525338,0.202602633809486,12.7615810829734,4.74406916312326,0.00480819463418417,1.04627620893558,10.0438618433777,0.407407815664586
Screen_Balance and VR_1_sBI20OE24_B_H1B__t3_INCOMPLETE.csv,BI20OE24,0.0180038927969201,0.0694372293654718,3.0419821968097,0.275574915015094,0.193438856482037,12.6044957192845,4.5169251786736,0.00500094115748395,1.04627620893558,10.0438618433777,0.319383932504516
Screen_Balance and VR_1_sBI20OE24_B_H1B__t4_INCOMPLETE.csv,BI20OE24,0.0549958159470071,0.103810268559832,3.6060112276154,0.26140191408063,0.203367081237229,12.3032089447365,4.4398571326737,0.000406460284129954,1.04627620893558,10.0438618433777,0.358419207031041
Screen_Balance and VR_1_sBI20OE24_A_LB_t1_INCOMPLETE.csv,BI20OE24,0.0161707097996394,0.0453028029519334,8.2547579627895,0.288475652959196,0.192785580834133,11.3053246597802,4.20676842204232,0.0100568332152719,1.04627620893558,10.0438618433777,0.455191133504939
Screen_Balance and VR_1_sBI20OE24_A_LB_t2_INCOMPLETE.csv,BI20OE24,0.0186993432147545,0.0260816073949011,-0.339175560377761,0.273378265131305,0.156306708475077,12.9223946075727,4.33853578332088,0.0121112963800308,1.04627620893558,10.0438618433777,0.268729165544991
Screen_Balance and VR_1_sBI20OE24_A_LB_t3_INCOMPLETE.csv,BI20OE24,0.0134302742030002,0.0233810916272227,1.95628592163706,0.243325379065392,0.183261412789017,12.3853282625969,4.94163761829694,0.0154896052198748,1.04627620893558,10.0438618433777,0.330732559373937
Screen_Balance and VR_1_sBI20OE24_A_LB_t4_INCOMPLETE.csv,BI20OE24,0.0239160927854187,0.0374099600154875,5.78622235338696,0.30094789063045,0.193563220381889,12.9881877875246,5.16540303646934,0.0144287302303613,1.04627620893558,10.0438618433777,0.359086598791179
Screen_Balance and VR_1_sCA04TU11_B_HB_t2.csv,CA04TU11,0.0354276692814298,0.0705438444786896,2.5959281908682,0.30236882623799,0.198428295257882,16.4195607025248,5.93974805583411,0.00791404478168419,1.5177341700601,12.798781988534,0.302364037067159
Screen_Balance and VR_1_sCA04TU11_B_HB_t3.csv,CA04TU11,0.0403976442130248,0.0844186426272847,4.2967192098999,0.291749797385252,0.219023379010424,15.9357712098362,5.6373501566798,0.00522147088676778,1.5177341700601,12.798781988534,0.347701788004969
Screen_Balance and VR_1_sCA04TU11_B_HB_t4.csv,CA04TU11,0.0351400329859777,0.072420747985429,-0.437693527738107,0.293335699246254,0.219607426519439,15.1117080810236,5.76364340853129,0.0089139844658073,1.5177341700601,12.798781988534,0.228622892023475
Screen_Balance and VR_1_sCA04TU11_B_HB_t5.csv,CA04TU11,0.0332240501028771,0.0661506020066855,6.22121430503605,0.267434372798673,0.228296966755868,14.581244380484,6.09642411562369,0.00746818726376765,1.5177341700601,12.798781988534,0.418919715983546
Screen_Balance and VR_1_sCA04TU11_A_LB_t1.csv,CA04TU11,0.10496790324954,0.0487690593990892,7.83054438197609,0.381331358116923,0.195695371194911,15.5417793868547,5.68672110093643,0.00497083633672315,1.5177341700601,12.798781988534,0.372491890477605
Screen_Balance and VR_1_sCA04TU11_A_LB_t2.csv,CA04TU11,0.0569425182168905,0.0788135681975482,0.436164596018305,0.264536676669067,0.175104054652098,16.2882473019251,5.1689942480721,0.0055649853911831,1.5177341700601,12.798781988534,0.311644034537529
Screen_Balance and VR_1_sCA04TU11_A_LB_t3.csv,CA04TU11,0.0276602904687131,0.0867740791707035,3.25120543673997,0.276159940459982,0.212134156669179,15.3223528351411,6.24797987673432,0.0036749122866458,1.5177341700601,12.798781988534,0.33504708632298
Screen_Balance and VR_1_sCA04TU11_A_LB_t4.csv,CA04TU11,0.0582383094263242,0.0830375525323236,5.36850116811934,0.382355770085944,0.193542948154288,15.9964849705835,5.5623906706602,0.00538192126503445,1.5177341700601,12.798781988534,0.306988033770657
Screen_Balance and VR_1_sKA14RE15_A_HB_t1.csv,KA14RE15,0.0172658335867335,0.0266914941927649,0.564244607240708,0.21917956498792,0.219525458135199,13.2301414660363,5.35974044268216,0.00776114129103914,1.25712486853252,11.0913349033601,0.317680065631624
Screen_Balance and VR_1_sKA14RE15_A_HB_t2.csv,KA14RE15,0.024610178154999,0.0259267354623426,-4.7398242330458,0.254143434500027,0.189846447807595,13.9473141374574,5.03762026252203,0.00527419591207403,1.25712486853252,11.0913349033601,0.193714408184099
Screen_Balance and VR_1_sKA14RE15_A_HB_t3.csv,KA14RE15,0.0480224588110634,0.0291635531147544,-1.34062877514519,0.28369146662206,0.189041355588238,13.6646841162563,4.73201821509321,0.00829420104226884,1.25712486853252,11.0913349033601,0.230304472804694
Screen_Balance and VR_1_sKA14RE15_A_HB_t4.csv,KA14RE15,0.0504121348203218,0.0380019561043384,5.31232307295906,0.30709330433195,0.200481055705255,13.4820273064578,4.54312368680881,0.00579879422356668,1.25712486853252,11.0913349033601,0.362236214580253
Screen_Balance and VR_1_sKA14RE15_B_LB_t1.csv,KA14RE15,0.0232987308533493,0.0319837971132265,-5.20747752291929,0.206209118887249,0.208726355977631,12.9968860265376,4.83816402719006,0.00806430403192308,1.25712486853252,11.0913349033601,0.215375447920716
Screen_Balance and VR_1_sKA14RE15_B_LB_t2.csv,KA14RE15,0.0346083659631265,0.0432804249356734,0.0209667785861001,0.291263601348433,0.201706570906334,13.6992622239503,5.0151120852526,0.00604038523343125,1.25712486853252,11.0913349033601,0.242868605814505
Screen_Balance and VR_1_sKA14RE15_B_LB_t3.csv,KA14RE15,0.0344427520215819,0.0348711344500352,5.69441419056506,0.330586443164483,0.164311411658175,14.4055518612071,4.91714576081589,0.00690252949002001,1.25712486853252,11.0913349033601,0.381434815323337
Screen_Balance and VR_1_sKA14RE15_B_LB_t4.csv,KA14RE15,0.0426864065427441,0.0432248075142025,2.47116594328549,0.404534207792269,0.156171803380761,14.3186101704434,4.63895947740076,0.00814508571033521,1.25712486853252,11.0913349033601,0.244573856769907
Screen_Balance and VR_1_sAN23BE15_A_HB_t1.csv,AN23BE15,0.0261514885274269,0.0628527983853717,5.68266703901926,0.268885778296221,0.209106408181095,15.3925417904916,6.52955662857452,0.00920566279018094,1.51409036029882,12.6979002446833,0.418210838148068
Screen_Balance and VR_1_sAN23BE15_A_HB_t2.csv,AN23BE15,0.0360662474026013,0.0333890394551802,8.31327845447403,0.242814264552467,0.245949687788283,15.0411639736466,6.57954759389404,0.0060132142139831,1.51409036029882,12.6979002446833,0.534686595005639
Screen_Balance and VR_1_sAN23BE15_A_HB_t3.csv,AN23BE15,0.0362030726275126,0.091056871371931,11.4433887229306,0.27684050245735,0.219273530762391,15.8040853468544,6.28232544190746,0.00604269561031313,1.51409036029882,12.6979002446833,0.653254482031519
Screen_Balance and VR_1_sAN23BE15_A_HB_t4.csv,AN23BE15,0.0862457661194786,0.0511215546094201,10.3599519599046,0.283256724751108,0.233802992181829,15.4021623956282,6.7284214062571,0.00442296914357292,1.51409036029882,12.6979002446833,0.559388180643361
Screen_Balance and VR_1_sAN23BE15_B_LB_t1.csv,AN23BE15,0.02821559395707,0.0638182412224185,5.66762529630984,0.268263288567053,0.219192864216947,15.5115278086351,6.75842383533501,0.00824101021788342,1.51409036029882,12.6979002446833,0.408265188735124
Screen_Balance and VR_1_sAN23BE15_B_LB_t2.csv,AN23BE15,0.0672285082552392,0.0793708226196302,11.2531490454304,0.308688745379909,0.230377781323227,15.3460953619306,6.26831345789246,0.00205950629526832,1.51409036029882,12.6979002446833,0.57369978530433
Screen_Balance and VR_1_sAN23BE15_B_LB_t3.csv,AN23BE15,0.0221037322124149,0.100364344157207,9.62028647799192,0.34480307808762,0.239237820136834,16.1088401559809,6.10202517682141,6.98025411667541e-08,1.51409036029882,12.6979002446833,0.461147908619633
Screen_Balance and VR_1_sAN23BE15_B_LB_t4.csv,AN23BE15,0.0607665797576188,0.120576718712885,13.5522124544017,0.266089827134963,0.226121109011433,15.6001954729499,6.38550973063876,0.00732381085761122,1.51409036029882,12.6979002446833,0.793846950348238
Screen_Balance and VR_1_sEL30AD28_B_HB_t1.csv,EL30AD28,0.0227344377854224,0.025840012449613,5.91193766328796,0.233247741800093,0.168298137225261,15.3655405129403,4.87823151439644,0.00582801961090527,1.3705518051054,12.1623784642422,0.546842691980408
Screen_Balance and VR_1_sEL30AD28_B_HB_t2.csv,EL30AD28,0.0221690745226946,0.0809555729125415,11.6643754492388,0.226940680831583,0.188634746132339,16.2638880365115,5.22259312148018,5.38500523513432e-09,1.3705518051054,12.1623784642422,0.907577703304084
Screen_Balance and VR_1_sEL30AD28_B_HB_t3.csv,EL30AD28,0.0485274748366131,0.135869840636697,5.99461932537161,0.31552554075866,0.174790899735436,15.2236981466863,4.45971278689433,2.66810797887861e-11,1.3705518051054,12.1623784642422,0.426252827912669
Screen_Balance and VR_1_sEL30AD28_B_HB_t4.csv,EL30AD28,0.0280386304281819,0.136371321793797,0.899278607395354,0.234897115107803,0.207700861996845,14.9472075544325,5.31935548971733,0.00637204593319815,1.3705518051054,12.1623784642422,0.318943840607544
Screen_Balance and VR_1_sEL30AD28_A_LB_t1.csv,EL30AD28,0.0104716303139519,0.0193431382009777,-5.55464861939069,0.179477761790653,0.140212850156944,16.0280678039547,4.65222851524645,0.00263407468653786,1.3705518051054,12.1623784642422,0.305982764848122
Screen_Balance and VR_1_sEL30AD28_A_LB_t2.csv,EL30AD28,0.0081024520404175,0.0252066010378198,-0.320942286012691,0.19243487856348,0.157388216696357,16.1715435653472,4.90899357002945,0.00666836365129691,1.3705518051054,12.1623784642422,0.409176161059248
Screen_Balance and VR_1_sEL30AD28_A_LB_t3.csv,EL30AD28,0.0062694558096048,0.0192958089189477,-4.45883116278537,0.196651640107563,0.152319550141498,16.2615582938475,5.00285895200753,0.00530070662369674,1.3705518051054,12.1623784642422,0.288529410016779
Screen_Balance and VR_1_sEL30AD28_A_LB_t4.csv,EL30AD28,0.00861194448743541,0.041243418041642,6.14270501190034,0.196408413512879,0.178042853371841,15.3757162809462,5.9336361471993,0.00420022155475995,1.3705518051054,12.1623784642422,0.633982502603249
Screen_Balance and VR_1_sBI20OE24_B_H1B__t1_INCOMPLETE.csv,BI20OE24,0.0103430269944887,0.0264151612878236,-0.62721432449972,0.243833594133288,0.189470828170362,12.4989998846704,4.80418459315475,0.0145992737611627,1.04627620893558,10.0438618433777,0.263691866317546
Screen_Balance and VR_1_sBI20OE24_B_H1B__t2_INCOMPLETE.csv,BI20OE24,0.0158661700705393,0.0846661156267913,5.2708187063938,0.2535394910869,0.202602313026979,12.7623235528815,4.74375033616045,0.00480422507036478,1.04627620893558,10.0438618433777,0.407273345182791
Screen_Balance and VR_1_sBI20OE24_B_H1B__t3_INCOMPLETE.csv,BI20OE24,0.0180038927969201,0.0694372293654718,3.04198219681075,0.275574916955844,0.193438856283214,12.6044957158798,4.51692514987306,0.00500094061182038,1.04627620893558,10.0438618433777,0.319383924826846
Screen_Balance and VR_1_sBI20OE24_B_H1B__t4_INCOMPLETE.csv,BI20OE24,0.0549958159470071,0.103810268559832,3.60600748884896,0.261342862267634,0.203390709662622,12.303104399575,4.44013163122568,0.000404631825293749,1.04627620893558,10.0438618433777,0.358477303310232
Screen_Balance and VR_1_sBI20OE24_A_LB_t1_INCOMPLETE.csv,BI20OE24,0.0161707097996394,0.0453028029519334,8.25475820149715,0.288488113232008,0.192781572556306,11.3052850494773,4.20669425102129,0.0100585000927412,1.04627620893558,10.0438618433777,0.455168126612828
Screen_Balance and VR_1_sBI20OE24_A_LB_t2_INCOMPLETE.csv,BI20OE24,0.0186993432147545,0.0260816073949011,-0.339175560378198,0.27337826399989,0.156306708743345,12.9223945710994,4.33853579566799,0.0121112965927162,1.04627620893558,10.0438618433777,0.268729166086113
Screen_Balance and VR_1_sBI20OE24_A_LB_t3_INCOMPLETE.csv,BI20OE24,0.0134302742030002,0.0233810916272227,1.95628531888965,0.243288530239273,0.183273053056552,12.3846959799936,4.94188057579141,0.0154913207501181,1.04627620893558,10.0438618433777,0.330753506011293
Screen_Balance and VR_1_sBI20OE24_A_LB_t4_INCOMPLETE.csv,BI20OE24,0.0239160927854187,0.0374099600154875,5.78618565146744,0.30117002345861,0.193602196988707,12.9807439367835,5.16480116965868,0.0144248009928286,1.04627620893558,10.0438618433777,0.358173932647166
Screen_Balance and VR_1_sCH11RE22_A_HB_t1.csv,CH11RE22,0.0051261612875635,0.0229682807318255,-1.91480870814289,0.112773579392036,0.215102442708033,12.1925661621286,4.04161972106566,0.00127785345070425,1.07616916190848,9.71953175099793,0.534300865260509
Screen_Balance and VR_1_sCH11RE22_A_HB_t2_INCOMPLETE.csv,CH11RE22,0.00903936147586922,0.0205635022594836,2.71892603043445,0.136226247040688,0.236353156251143,11.7679725598344,4.63932306461554,0.00850410732724341,1.07616916190848,9.71953175099793,0.585796503841354
Screen_Balance and VR_1_sCH11RE22_A_HB_t3_INCOMPLETE.csv,CH11RE22,0.0102126231202063,0.020357228180925,-2.09820941281268,0.12397709422465,0.234967991483577,11.8581325509928,4.5243665125311,3.69724428784948e-09,1.07616916190848,9.71953175099793,0.458526149071943
Screen_Balance and VR_1_sCH11RE22_A_HB_t4_INCOMPLETE.csv,CH11RE22,0.00708224330503413,0.0272672353964308,2.15570451915686,0.119610344656327,0.197234227009194,13.1249513877337,4.12976239132349,0.00615563562627588,1.07616916190848,9.71953175099793,0.724587482330045
Screen_Balance and VR_1_sCH11RE22_A_LB_t1_INCOMPLETE.csv,CH11RE22,0.00574178221344247,0.016543313581597,-0.195370843844065,0.119516332281283,0.200830361847149,13.147258776057,4.97935599985686,0.0072696310055249,1.07616916190848,9.71953175099793,0.569790442761901
Screen_Balance and VR_1_sCH11RE22_A_LB_t2_INCOMPLETE.csv,CH11RE22,0.014453289770444,0.0227193190915285,2.15022123324915,0.163706900022784,0.225842455333126,12.0313839798718,4.81122285877334,0.0044866471209434,1.07616916190848,9.71953175099793,0.479222270085654
Screen_Balance and VR_1_sCH11RE22_A_LB_t3_INCOMPLETE.csv,CH11RE22,0.00703539914703741,0.0238922416912323,-1.77529369294099,0.116717894019931,0.206152146450438,11.9200188072248,4.66437090461352,0.0148961896042705,1.07616916190848,9.71953175099793,0.50261113022743
Screen_Balance and VR_1_sCH11RE22_A_LB_t4_INCOMPLETE.csv,CH11RE22,0.00792292724049021,0.0279873773969206,3.67692344481101,0.0653279998892113,0.216687139135025,13.573652544235,5.12925977898864,0.00269626141346183,1.07616916190848,9.71953175099793,1.41539397709151
Screen_Balance and VR_1_sDO11UB30_A_LB1_t1.csv,DO11UB30,0.0448634619558744,0.137550807285677,16.012322027618,0.357273076771125,0.174453997795622,19.9832753842362,6.49431775423074,0.00756685898880815,1.85344709146127,14.9682108913419,0.867014585718071
Screen_Balance and VR_1_sDO11UB30_A_LB1_t2.csv,DO11UB30,0.0673654162406252,0.0879702692003006,8.87252978392367,0.450055526180625,0.196585906073883,19.3624512820132,6.96423362926185,0.00633742035972025,1.85344709146127,14.9682108913419,0.355654874018189
Screen_Balance and VR_1_sDO11UB30_A_LB1_t3.csv,DO11UB30,0.122808100204526,0.178337116988146,13.7052703486179,0.62711594615116,0.220763454343696,19.3176980796055,7.69979870640027,0.00354642484245572,1.85344709146127,14.9682108913419,0.359862870126894
Screen_Balance and VR_1_sAN07IE11_A_HB_t1.csv,AN07IE11,0.01635833868887,0.0424113885059773,3.14770726055565,0.307419136568028,0.188211825778851,13.9558859784345,5.66663277208773,0.0193782329530059,1.31592986756174,11.3477819531488,0.310486645475424
Screen_Balance and VR_1_sAN07IE11_A_HB_t2.csv,AN07IE11,0.031990657040617,0.0458984582458866,9.6874842424425,0.367773789978783,0.197406270926888,15.8587875638887,6.18289069131224,0.0121352192259189,1.31592986756174,11.3477819531488,0.433153438759622
Screen_Balance and VR_1_sAN07IE11_A_HB_t3.csv,AN07IE11,0.0248608427687697,0.072819566008671,9.84353405359807,0.358578497323519,0.192890855940175,13.9438282540934,6.13799460661648,0.0203036040434888,1.31592986756174,11.3477819531488,0.45211893601901
Screen_Balance and VR_1_sAN07IE11_A_HB_t4_INCOMPLETE.csv,AN07IE11,0.022321046279692,0.102398810916361,9.85911965012468,0.468823928288984,0.185339813151478,15.5237856907959,6.35149763321863,0.0165353455623478,1.31592986756174,11.3477819531488,0.351564709120243
Screen_Balance and VR_1_sAN07IE11_B_LB_t1.csv,AN07IE11,0.0303988356064695,0.0812330376972231,13.8068516701424,0.387491154727042,0.187446343302956,14.2153936172361,6.00778272003403,0.0158636484614947,1.31592986756174,11.3477819531488,0.589201462844178
Screen_Balance and VR_1_sAN07IE11_B_LB_t2_INCOMPLETE.csv,AN07IE11,0.0468592884860402,0.131264326293861,13.8260193061705,0.489847232009309,0.21164967321529,13.9127446487995,5.75322365565701,0.00992087388904294,1.31592986756174,11.3477819531488,0.443424922069778
Screen_Balance and VR_1_sAN07IE11_B_LB_t3_INCOMPLETE.csv,AN07IE11,0.0720287554222217,0.0721244717547242,16.3337988572741,0.509199277313565,0.19431126491296,14.6181172731151,5.43354882555408,0.00973652757604932,1.31592986756174,11.3477819531488,0.557030379540158
Screen_Balance and VR_1_sAN07IE11_B_LB_t4_INCOMPLETE.csv,AN07IE11,0.0479041514029944,0.127997960442353,13.5332595799116,0.468156369878579,0.211425698347955,15.3317852822033,5.4655824518178,0.00366542051316094,1.31592986756174,11.3477819531488,0.472638926487077
Screen_Balance and VR_1_sAN06AN18_B_HB_t1_INCOMPLETE.csv,AN06AN18,0.0250515451884606,0.1700223245176,4.51551138807763,0.143514353263883,0.20188221799995,9.43249429577971,3.54015763748903,0.0116707771888422,0.77650951128817,7.54916002815408,0.662533043551546
Screen_Balance and VR_1_sAN06AN18_B_HB_t2_INCOMPLETE.csv,AN06AN18,0.0293852941364444,0.152911866215265,13.1151920699991,0.203765126947019,0.232508572134238,9.01007636244169,3.41299431155395,0.00814097728594308,0.77650951128817,7.54916002815408,0.888375475455027
Screen_Balance and VR_1_sAN06AN18_B_HB_t3.csv,AN06AN18,0.0461961100717529,0.106439965942532,6.83744057730411,0.193207609667462,0.196053402053556,9.26692301053194,3.46561643544063,0.0161773621917335,0.77650951128817,7.54916002815408,0.605570300996307
Screen_Balance and VR_1_sAN06AN18_B_HB_t4_INCOMPLETE.csv,AN06AN18,0.0361498566421419,0.0793420798928098,9.46517653538733,0.20504754754276,0.254192322319005,8.24504929299071,3.78816411122384,0.00804871748409189,0.77650951128817,7.54916002815408,0.594521775089669
Screen_Balance and VR_1_sAN06AN18_A_LB_t1.csv,AN06AN18,0.0497499017947479,0.106095092182645,9.87069635660388,0.266884904236215,0.216437160972439,8.75742963871515,3.04970642067045,0.0113840757421425,0.77650951128817,7.54916002815408,0.535860933566708
Screen_Balance and VR_1_sAN06AN18_A_LB_t2.csv,AN06AN18,0.0191519451627873,0.10714806231491,6.4802028813511,0.207410336810591,0.21438862343662,8.2597724539886,3.20093709999415,0.0234124041048402,0.77650951128817,7.54916002815408,0.520033030210886
Screen_Balance and VR_1_sAN06AN18_A_LB_t3_INCOMPLETE.csv,AN06AN18,0.0443701153593444,0.159670452632619,6.78974127349152,0.22183861850719,0.219461784362918,8.4020102137003,3.33642434265125,0.00969600214084925,0.77650951128817,7.54916002815408,0.481818215552772
Screen_Balance and VR_1_sAN06AN18_A_LB_t4_INCOMPLETE.csv,AN06AN18,0.0238037864738623,0.139084038350512,4.0627565602822,0.209301691285098,0.201752606943199,8.88721941747126,3.03431957576483,0.0134353768625807,0.77650951128817,7.54916002815408,0.439329118209769
Screen_Balance and VR_1_sPE16IN18_B_HB_t1.csv,PE16IN18,0.0117168369460024,0.0327311740763107,1.61804543923744,0.162625422120663,0.208450216186833,11.9668448410548,3.6537657669421,0.000351783360138669,1.04603715920213,9.50362596275673,0.513148427486359
Screen_Balance and VR_1_sPE16IN18_B_HB_t2.csv,PE16IN18,0.0271921292502624,0.0533672592686205,2.82939918928897,0.184585953453687,0.231957415946542,10.7600752256714,3.91194132531645,0.00735290950547767,1.04603715920213,9.50362596275673,0.433115813779677
Screen_Balance and VR_1_sPE16IN18_B_HB_t3.csv,PE16IN18,0.0237250475688665,0.057988200346973,-2.1091944536956,0.19075269309969,0.244035839405296,10.6832940010032,4.31877919443613,0.0070047004393852,1.04603715920213,9.50362596275673,0.268065344383375
Screen_Balance and VR_1_sPE16IN18_B_HB_t4.csv,PE16IN18,0.0273832408809332,0.0382151435944422,-5.13342078799662,0.180116587795577,0.225012812160712,11.0435082855659,4.04846533237798,0.00674394663955379,1.04603715920213,9.50362596275673,0.234358464002967
Screen_Balance and VR_1_sPE16IN18_A_LB_t1_INCOMPLETE.csv,PE16IN18,0.0151150302926428,0.0356785412470529,0.49267632886132,0.136114441931007,0.16853433416348,10.9337799490124,3.74810139268328,0.0104975691024633,1.04603715920213,9.50362596275673,0.568284690021594
Screen_Balance and VR_1_sPE16IN18_A_LB_t2_INCOMPLETE.csv,PE16IN18,0.0137771677055342,0.0439584504016714,-0.293778804913018,0.142564553271922,0.215108810326325,11.2961963092719,4.02511908110385,0.00696328551583895,1.04603715920213,9.50362596275673,0.456996568633156
Screen_Balance and VR_1_sPE16IN18_A_LB_t3_INCOMPLETE.csv,PE16IN18,0.0194679854187945,0.0796730816478876,-3.00183209540673,0.243102951499364,0.176406806953024,11.6232988668668,3.46292379691134,0.00572543854679784,1.04603715920213,9.50362596275673,0.241576558109164
Screen_Balance and VR_1_sPE16IN18_A_LB_t4_INCOMPLETE.csv,PE16IN18,0.0681624887881498,0.102196696617552,2.3646381046984,0.390364995255543,0.157988981058414,12.0107918261512,3.53670165748018,0.00670663363366469,1.04603715920213,9.50362596275673,0.248388527268235
Screen_Balance and VR_1_sDI16UB31_A_HB_t1.csv,DI16UB31,0.0226361550683308,0.0407880164128586,7.35359938572686,0.297531590836152,0.179217991922795,10.8716775148614,4.82735769033089,0.0155781690651966,1.0374980803515,9.77515813312121,0.422570948095524
Screen_Balance and VR_1_sDI16UB31_A_HB_t2.csv,DI16UB31,0.0244921207010988,0.0576513544325424,3.74689645347416,0.267619221375088,0.18401064619798,12.6804443940526,4.5103602499787,0.00721135393534249,1.0374980803515,9.77515813312121,0.361288396275263
Screen_Balance and VR_1_sDI16UB31_A_HB_t3.csv,DI16UB31,0.0277965412920422,0.062340027223184,1.0197523353915,0.356990304137584,0.185160897150861,12.8646318595502,4.25780630398092,0.000567240431362201,1.0374980803515,9.77515813312121,0.22702104572987
Screen_Balance and VR_1_sDI16UB31_A_HB_t4.csv,DI16UB31,0.037173200322926,0.0506217846727088,-0.508067690920495,0.33916553966098,0.176468770202038,13.5512074515657,4.19428586122801,0.00193982958781093,1.0374980803515,9.77515813312121,0.214116001152602
Screen_Balance and VR_1_sDI16UB31_B_LB_t1.csv,DI16UB31,0.0292622899820688,0.0360184958356685,7.26089145029969,0.318111131470275,0.203840277455453,11.4003089578475,4.92371588173823,0.0107911745914902,1.0374980803515,9.77515813312121,0.371635398341012
Screen_Balance and VR_1_sDI16UB31_B_LB_t2.csv,DI16UB31,0.0273733416120527,0.0657922475546457,-1.78529927280352,0.35730834539791,0.170273884974369,14.2466208334981,4.31008361165998,0.00431697535433701,1.0374980803515,9.77515813312121,0.183330737023358
Screen_Balance and VR_1_sDI16UB31_B_LB_t3.csv,DI16UB31,0.0301520804623766,0.0338264153979361,1.10031393835604,0.322900447077485,0.198371802555689,12.3909183350806,4.59611560365857,0.00926997823973503,1.0374980803515,9.77515813312121,0.229282907021159
Screen_Balance and VR_1_sDI16UB31_B_LB_t4.csv,DI16UB31,0.0259619878694019,0.0445386301797726,6.03307835872966,0.3092605273006,0.190100272619463,12.5035108771591,4.82098009662097,0.0097705764485071,1.0374980803515,9.77515813312121,0.365675850078536
Screen_Balance and VR_1_sCH08TU30_A_HB_t1.csv,CH08TU30,0.0265422893151318,0.0675319683152196,0.0647140020395849,0.110598651039666,0.208810519152574,16.0277593179985,6.27951603170041,0.00462772946675469,1.62292037667448,13.8387124882285,0.63607509319671
Screen_Balance and VR_1_sCH08TU30_A_HB_t2.csv,CH08TU30,0.0227082896471231,0.105601542179394,5.97460344397999,0.186078313115827,0.208916776250861,16.4531262321125,6.47208171447971,0.00781783889886528,1.62292037667448,13.8387124882285,0.6186228714503
Screen_Balance and VR_1_sCH08TU30_A_HB_t3.csv,CH08TU30,0.0232028013579209,0.0613614357707795,2.72712743722203,0.211282010682571,0.197302093944671,16.6472974997079,5.01085241100602,0.000439867402645787,1.62292037667448,13.8387124882285,0.464262281454255
Screen_Balance and VR_1_sCH08TU30_A_HB_t4.csv,CH08TU30,0.0100500276618397,0.10028978256907,4.24672888418733,0.0843748206413258,0.211261805399158,19.7805086594026,5.65497263142217,1.23962175622474e-08,1.62292037667448,13.8387124882285,1.30353740361958
Screen_Balance and VR_1_sCH08TU30_A_LB_t1.csv,CH08TU30,0.0164449405661732,0.0653336564009025,7.05904798877534,0.276234322319518,0.192665098553362,16.4704411611011,6.4953800928199,0.0138388339619781,1.62292037667448,13.8387124882285,0.478358138343517
Screen_Balance and VR_1_sCH08TU30_A_LB_t2.csv,CH08TU30,0.023046029007916,0.150138240670721,11.0770958802785,0.263923530250105,0.200912024016294,16.6992634299275,6.55608340536899,0.0153921777779759,1.62292037667448,13.8387124882285,0.694116938896304
Screen_Balance and VR_1_sCH08TU30_A_LB_t3.csv,CH08TU30,0.0692436642814346,0.167277218593181,4.76264263764224,0.376520255983048,0.201689536663034,17.1167652994657,6.35414974841237,0.0051027668406704,1.62292037667448,13.8387124882285,0.285363733286821
Screen_Balance and VR_1_sCH08TU30_A_LB_t4.csv,CH08TU30,0.0356909363111837,0.217362636587743,3.95974802471636,0.207596758951271,0.195614538052791,16.5715558523845,7.23046723578874,0.0152111503149064,1.62292037667448,13.8387124882285,0.479714953983233
Screen_Balance and VR_1_sCH10AL22_A_HB_t1.csv,CH10AL22,0.0233446501610577,0.0966874500711656,7.94115038809605,0.320807428101397,0.163388077862813,18.1300486811115,4.93738981510008,0.00311480280966163,1.70289393995508,13.8255130077247,0.524573479718433
Screen_Balance and VR_1_sCH10AL22_A_HB_t2.csv,CH10AL22,0.0401146259244666,0.299247880530339,11.9859618243924,0.31925526686129,0.167700443526492,18.3479841635683,5.1306564012842,0.00595916583655953,1.70289393995508,13.8255130077247,0.71986579506237
Screen_Balance and VR_1_sCH10AL22_A_HB_t3.csv,CH10AL22,0.023660803607823,0.213862203378644,7.34491552580202,0.284265092258602,0.196295649145917,17.6194240191695,5.29279487832237,4.4578021747665e-08,1.70289393995508,13.8255130077247,0.53598672662266
Screen_Balance and VR_1_sCH10AL22_A_HB_t4.csv,CH10AL22,0.0651521889927532,0.221160812141282,12.6898049376575,0.37808218895636,0.193622449954773,16.9006738358139,6.28057586400412,0.00617911713019264,1.70289393995508,13.8255130077247,0.578614208838027
Screen_Balance and VR_1_sCH10AL22_A_LB_t1.csv,CH10AL22,0.151569067373372,0.409821310945139,12.9447962305493,0.814433702034283,0.241400013726625,27.6902545438276,4.20746513959346,0.00146260222006422,1.70289393995508,13.8255130077247,0.504556851521743
Screen_Balance and VR_1_sCH10AL22_A_LB_t2.csv,CH10AL22,0.0248129379832324,0.078605093936864,10.6059138801435,0.355584074568236,0.207956609905171,18.3035728650081,5.80377378553827,0.000334785189716575,1.70289393995508,13.8255130077247,0.540363205495887
Screen_Balance and VR_1_sCH10AL22_A_LB_t3.csv,CH10AL22,0.0237911748139511,0.072163829684967,5.74101285132508,0.29121950624647,0.190225662024152,19.2112980500551,5.96621830961377,0.000897032529314461,1.70289393995508,13.8255130077247,0.454339751287979
Screen_Balance and VR_1_sCH10AL22_A_LB_t4.csv,CH10AL22,0.0838695463605873,0.0723481707534561,4.03839973474334,0.345898577229786,0.201531773103856,17.3962282548021,5.75131567476058,0.00335396104596394,1.70289393995508,13.8255130077247,0.311845166671168
Screen_Balance and VR_1_sRE13ON18_A_HB_t1.csv,RE13ON18,0.0139411248810466,0.0764125616248483,11.6589423283922,0.282631696639378,0.169807012434134,13.9465282467657,7.54375701311906,0.0135773176835315,1.37607898085449,11.6042290029375,0.682769104130289
Screen_Balance and VR_1_sRE13ON18_A_HB_t2.csv,RE13ON18,0.0125968319229636,0.0611976654241691,11.1554604012696,0.204804775485108,0.192979827739574,18.0854041248047,6.08438147313167,0.00100393353616339,1.37607898085449,11.6042290029375,0.95244197623729
Screen_Balance and VR_1_sRE13ON18_A_HB_t3.csv,RE13ON18,0.0279734510734671,0.123100484206569,13.9534470869756,0.627716581603078,0.29999998717754,24.1871315088091,17.4063415388619,0.0189144389525389,1.37607898085449,11.6042290029375,0.683910466534443
Screen_Balance and VR_1_sRE13ON18_A_HB_t4.csv,RE13ON18,0.044735862832834,0.0660221763186233,12.5166093008998,0.371477279890573,0.203046683362687,14.2177524891692,6.50863092156,0.00826627562122772,1.37607898085449,11.6042290029375,0.532929794748622
Screen_Balance and VR_1_sRE13ON18_B_LB_t1.csv,RE13ON18,0.0473022908568867,0.162243263347321,22.3377929223131,0.174935512460543,0.168567733732917,17.0383299998039,6.83097040572153,0.000192223545563278,1.37607898085449,11.6042290029375,2.99764893049384
Screen_Balance and VR_1_sRE13ON18_B_LB_t2.csv,RE13ON18,0.0467336321667114,0.196474772797733,20.3739481350485,0.532387725199935,0.192347708201345,16.2994269712737,7.19873428840663,5.82588271157958e-10,1.37607898085449,11.6042290029375,0.775560141720826
Screen_Balance and VR_1_sRE13ON18_B_LB_t3.csv,RE13ON18,0.0150578188330895,0.0629403642564871,10.8356382718469,0.202559926840049,0.171593708581393,16.7327250396478,5.65886487613557,0.0133412949857851,1.37607898085449,11.6042290029375,0.957729531176532
Screen_Balance and VR_1_sRE13ON18_B_LB_t4.csv,RE13ON18,0.0439823255746455,0.0688671463518134,15.2029794001726,0.238696005245336,0.211655978366348,14.9642279917563,6.76225442653372,0.00908604622219099,1.37607898085449,11.6042290029375,1.01710107580879
