archive,path,bytes,sha256
LimeSurvey.zip,limesurvey/20260702_results-survey665152.csv,32236,c470f6c305d2c05d62b66ed41cca034ec64af4e26b9a857f7e1bd343e2a7d973
LimeSurvey.zip,limesurvey/20260713_results-survey665152.csv,26857,a3097bd8808e58310af84cd1664bc3a31347b1a817f176d862315b04ab3b2b30
PsychoPy.zip,psychopy/452052_Balance_and_VR_A_2026-05-26_08h05.39.445.csv,1440,b5aa49638a3bf0490161be6c5f0fd0cb62dab786fdee32b09be6dee6690d2e68
PsychoPy.zip,psychopy/452052_Balance_and_VR_A_2026-05-26_08h05.39.445.log,122,c97c2b7647bc5f4b03b7580842ecb60821cdf49074ce05eb64913e9c0117ac9f
PsychoPy.zip,psychopy/452052_Balance_and_VR_A_2026-05-26_08h05.39.445.psydat,2034,b9f29d391e4ae6c3c66393d27b58441a91445ebddcde29f2fdb52096aa9b1b08
PsychoPy.zip,psychopy/AN06AN18_A_LB_Balance_and_VR_A_2026-06-17_10h28.55.133.csv,1443,b59be2ad50808b4406d5dcc101691d415f9a19709427dc0bcaa24fa2d7e5d3ab
PsychoPy.zip,psychopy/AN06AN18_A_LB_Balance_and_VR_A_2026-06-17_10h28.55.133.log,124,de6993a230eb2e49c99dac4b9b50cd6e93c2f8ab41f2eb27fa78687220334b53
PsychoPy.zip,psychopy/AN06AN18_A_LB_Balance_and_VR_A_2026-06-17_10h28.55.133.psydat,2050,dfa2ceddf30213122f178de82a7e7c654631e2835a809172c36c8000a6932655
PsychoPy.zip,psychopy/AN06AN18_A_LB_Balance_and_VR_A_2026-06-17_11h01.32.147.csv,8577,a642ac5404f4f1ecafed342488b8c7bb52dde6ab4a4af7a44778b700157d96c1
PsychoPy.zip,psychopy/AN06AN18_A_LB_Balance_and_VR_A_2026-06-17_11h01.32.147.log,122,a25211a4453da77a013bb33191380138911a554ef84e29100d05736e2cbdb8f7
PsychoPy.zip,psychopy/AN06AN18_A_LB_Balance_and_VR_A_2026-06-17_11h01.32.147.psydat,7641,ce8d4c8138b49bea33ce3dbfb5d99dd1f315c91c11b1660b6c37a58a974ff63a
PsychoPy.zip,psychopy/AN06AN18_B_HB_Balance_and_VR_B_2026-06-17_11h26.17.542.csv,9013,bda1893e22f742111deff87fb35721754add165ad9f6e5b459b9c672c0a1218b
PsychoPy.zip,psychopy/AN06AN18_B_HB_Balance_and_VR_B_2026-06-17_11h26.17.542.log,123,a333914557bfe467fe2a729550a56212e0c326054ff864ffd294337ea2185c04
PsychoPy.zip,psychopy/AN06AN18_B_HB_Balance_and_VR_B_2026-06-17_11h26.17.542.psydat,8101,6e4f822a94e66e969c9ec8fb25aecd09584f966895d50a20da9284af38ef6d41
PsychoPy.zip,psychopy/AN07IE11_A_HB_Balance_and_VR_A_2026-06-16_10h08.59.796.csv,8802,79ee512655b9687828047b4c1a353e29b32d38d1f2c9a5f86f263689976c7ec1
PsychoPy.zip,psychopy/AN07IE11_A_HB_Balance_and_VR_A_2026-06-16_10h08.59.796.log,124,2fe9e2a25999d9667c0135c470116c5e1d480b43bcda24070b9c42acc2a3226d
PsychoPy.zip,psychopy/AN07IE11_A_HB_Balance_and_VR_A_2026-06-16_10h08.59.796.psydat,7893,7d182cfcbb4f61f32fab50865e0c6f862fd9c41c35f726c490c67dae0b0801a3
PsychoPy.zip,psychopy/AN07IE11_B_LB_Balance_and_VR_B_2026-06-16_11h23.23.740.csv,9447,393b78672946ce047970060bda27fe5e8e597b53a662341e25c0a2e828a02ec4
PsychoPy.zip,psychopy/AN07IE11_B_LB_Balance_and_VR_B_2026-06-16_11h23.23.740.log,122,5474b9f6b627f1f259eda71f78880edcab92a232ced6b90c9de0fa8b4777d72c
PsychoPy.zip,psychopy/AN07IE11_B_LB_Balance_and_VR_B_2026-06-16_11h23.23.740.psydat,8610,fde055216341109303ab3322c2e0d6f502bfed57e29abc5f14102145645c0864
PsychoPy.zip,psychopy/AN23BE15_A_HB_Balance_and_VR_A_2026-05-27_13h11.46.538.csv,9292,56116631e7571ad17ef029554301e36f0c5c1c77717053e1ebd2c47cfd93c1e5
PsychoPy.zip,psychopy/AN23BE15_A_HB_Balance_and_VR_A_2026-05-27_13h11.46.538.log,124,86542c6d7eb234720f824afa10a294129f2b2a366858ed33fd461c2788f4672c
PsychoPy.zip,psychopy/AN23BE15_A_HB_Balance_and_VR_A_2026-05-27_13h11.46.538.psydat,8359,2c13e1aba533fbb86abeb16a7d8c392d00f265d1b7ff8bfe23f597b558aec8e9
PsychoPy.zip,psychopy/AN23BE15_LB_B_Balance_and_VR_B_2026-05-27_14h14.23.397.csv,9454,2187b42b0e405ff665eacb6ed067d288e4426bcebc5229b28f361d0682afc768
PsychoPy.zip,psychopy/AN23BE15_LB_B_Balance_and_VR_B_2026-05-27_14h14.23.397.log,432,9b7b0db0fe2596ba7ad5bbc81fab0cc552e4aaf96b7f9508329d2e052144c9b7
PsychoPy.zip,psychopy/AN23BE15_LB_B_Balance_and_VR_B_2026-05-27_14h14.23.397.psydat,8558,94ea4f74630dc406a9e91d409e9bcd00c018caef8fa0e5b0715c9f9c2f00119f
PsychoPy.zip,psychopy/BI20OE24_Balance_and_VR_A_2026-06-12_12h45.33.257.csv,12333,b04afe94425ab9d1cfc6e1d2a7ba3fb06b90e8bd28280945f0b3f5f5b87aff9b
PsychoPy.zip,psychopy/BI20OE24_Balance_and_VR_A_2026-06-12_12h45.33.257.log,123,8f40954b3820abd4e28cc4ff2b37f653c196e13ae77ebf579424e789e9d8a18a
PsychoPy.zip,psychopy/BI20OE24_Balance_and_VR_A_2026-06-12_12h45.33.257.psydat,11453,08531b0e59993835246418467c0fa24b1ad93fec82e4ca30a86daab10a336f62
PsychoPy.zip,psychopy/BI20OE24_Balance_and_VR_B_2026-06-12_13h16.42.576.csv,12005,9b56d1c3651c4983e8a4ab453b57b5ab7c6618ec69e3473f13ba72ceb87f3db9
PsychoPy.zip,psychopy/BI20OE24_Balance_and_VR_B_2026-06-12_13h16.42.576.log,122,ba497a18b84af2333459d0dbf3bae1d75b808b5173e53b94f1986a978eb0dff3
PsychoPy.zip,psychopy/BI20OE24_Balance_and_VR_B_2026-06-12_13h16.42.576.psydat,11040,db8aa4e022e01e5a610a4ae5a545ddc19f23fcf36628bafa2a8300743ce0165d
PsychoPy.zip,psychopy/CA04TU11_Balance_and_VR_A_2026-05-26_08h07.35.815.csv,9465,6c415957ee7731ed2a9b0c19f42cf59b71b2e7ac6eedbd3b1183dff5d8ab0929
PsychoPy.zip,psychopy/CA04TU11_Balance_and_VR_A_2026-05-26_08h07.35.815.log,444,89342214062fcfc05a173a5b2e414d1d64945bdabbe924e341ef27d368dd69b9
PsychoPy.zip,psychopy/CA04TU11_Balance_and_VR_A_2026-05-26_08h07.35.815.psydat,8649,33260851b8d4d4a5eae20846b045460d7b6edef2c0864d9fc01b1e8d4e838c8b
PsychoPy.zip,psychopy/CA04TU11_Balance_and_VR_B_2026-05-26_09h03.49.193.csv,1443,fb3c8d14b097e4fa64079272921bd2428e557eda5d0dceca2bb75783ec1f79d9
PsychoPy.zip,psychopy/CA04TU11_Balance_and_VR_B_2026-05-26_09h03.49.193.log,122,d339854fdc15e8d18c74bf83f1f1e396d084a70b212b74e2a2c369ed2851b02f
PsychoPy.zip,psychopy/CA04TU11_Balance_and_VR_B_2026-05-26_09h03.49.193.psydat,2041,8b9dcf6098acd3687a378f8cc1f61c3ea0b7be0af0f106cd64b9ab7d2c148fcd
PsychoPy.zip,psychopy/CA04TU11_Balance_and_VR_B_2026-05-26_09h13.53.552.csv,9892,f9f8e6ea5210a5f035d4c0949c78ac69cfb334db6511b56881f3607e81ddd55e
PsychoPy.zip,psychopy/CA04TU11_Balance_and_VR_B_2026-05-26_09h13.53.552.log,176,705281ebaacc9f5450a573f0586a32aab6a5dd1317346306864c30ac4e39c777
PsychoPy.zip,psychopy/CA04TU11_Balance_and_VR_B_2026-05-26_09h13.53.552.psydat,9039,2adbfbb43499fd62d3bc46d96df91ca8e50d4ecfa43a2dc54fbb6c3898ad27d6
PsychoPy.zip,psychopy/CH08TU30_A_HB_Balance_and_VR_A_2026-06-25_14h35.52.849.csv,9535,dc9bf74e4a52f9b557818fed0cd82c17db308d58194dcef61dcce36ca565d235
PsychoPy.zip,psychopy/CH08TU30_A_HB_Balance_and_VR_A_2026-06-25_14h35.52.849.log,123,254e2d4d148e98964e94a7df7ab1bd3e2bee9aab296d1c04bad084f39ae5aa53
PsychoPy.zip,psychopy/CH08TU30_A_HB_Balance_and_VR_A_2026-06-25_14h35.52.849.psydat,8556,a812e91fdfb4b5f177fef414819f16ddc3cc96a194e22128b253cc18a5bc4095
PsychoPy.zip,psychopy/CH08TU30_B_LB_Balance_and_VR_B_2026-06-25_15h09.16.899.csv,9616,6f44bfc30e63d18e055c562fd728af9f4ead4dae6a19a0887fb4da6921df1f2d
PsychoPy.zip,psychopy/CH08TU30_B_LB_Balance_and_VR_B_2026-06-25_15h09.16.899.log,122,11b04b941e42f3bca2b6a3595ca3fbb3443dd3c2d3abd453b27366d6c7e7385b
PsychoPy.zip,psychopy/CH08TU30_B_LB_Balance_and_VR_B_2026-06-25_15h09.16.899.psydat,8651,fbe38d801fc83cfb4902f67bcd43aa1a4db267417dd0c86dbc0d1b459ef8b276
PsychoPy.zip,psychopy/CH10AL22_Balance_and_VR_A_2026-06-29_14h22.58.901.csv,9592,82c5758f949d352c62c4605d55074a761dcb8bd22c835c886ada7dfe6a2d2cbc
PsychoPy.zip,psychopy/CH10AL22_Balance_and_VR_A_2026-06-29_14h22.58.901.log,444,789d4092086c4b974fe9ae14bd5deba46ab56d6cf8858863fb151c45d53139fc
PsychoPy.zip,psychopy/CH10AL22_Balance_and_VR_A_2026-06-29_14h22.58.901.psydat,8713,073c1b6727d7b4f3edbbb44ceefd8eddb4678b9d21871f5689c9aed1cb3d4eb9
PsychoPy.zip,psychopy/CH10AL22_Balance_and_VR_B_2026-06-29_15h13.10.623.csv,11293,e5f6b4f28258b112ae29ef252ca0665bcf67c7a2183b3ff48c4f478db6fa758c
PsychoPy.zip,psychopy/CH10AL22_Balance_and_VR_B_2026-06-29_15h13.10.623.log,432,2b6d9c65517aefc8999109cd3593b848ffec8a35e1cabe15c0462ff89b73e52b
PsychoPy.zip,psychopy/CH10AL22_Balance_and_VR_B_2026-06-29_15h13.10.623.psydat,10411,d0770b1818753576c9b5c0932092bea0634aa287e8e54ff008213d066e586e49
PsychoPy.zip,psychopy/CH11RE22_Balance_and_VR_A_2026-06-12_14h00.36.929.csv,8977,bddee06a4edd5e8a052895209f8950c82fdac393651501d0d5623ecf345225f5
PsychoPy.zip,psychopy/CH11RE22_Balance_and_VR_A_2026-06-12_14h00.36.929.log,123,cb4fff6224aa50c3527062a9a71e22b61830fa50df1a48f1ec5e2c4f33d8c76b
PsychoPy.zip,psychopy/CH11RE22_Balance_and_VR_A_2026-06-12_14h00.36.929.psydat,8029,8a4acf80cd90db8df352b3043f7b39a7c6e8e11f459752488c716cbdd48bf1eb
PsychoPy.zip,psychopy/CH11RE22_Balance_and_VR_B_2026-06-12_14h39.16.787.csv,8694,4ce32fa7a2511a60b78259cea93a3a3e29019c24b85e81f1333e39fa195a7dba
PsychoPy.zip,psychopy/CH11RE22_Balance_and_VR_B_2026-06-12_14h39.16.787.log,122,48c84c884fe5b19fd37978bebfa4f62c6a9740fb5b3b339657994ed3fc035f1e
PsychoPy.zip,psychopy/CH11RE22_Balance_and_VR_B_2026-06-12_14h39.16.787.psydat,7798,488785ed13eff550117e9c76b7812d8983797f0e5ff22b2a99ea0418d4d22db4
PsychoPy.zip,psychopy/DI16UB31_A_HB_Balance_and_VR_A_2026-06-22_08h36.06.928.csv,9416,425e51ae9527cb20130c507b15b6d30cad48b0386ffa4487d2f7eb66e19b49a6
PsychoPy.zip,psychopy/DI16UB31_B_LB_Balance_and_VR_B_2026-06-22_09h09.01.582.csv,9584,90abf295dfcd19fe15cdaec5979012b2a45ecd8db11278dc3e500c075d8d1317
PsychoPy.zip,psychopy/DI16UB31_B_LB_Balance_and_VR_B_2026-06-22_09h09.01.582.log,123,98ee0e076db34546cdf9fabcf19a34acd34591f66df1d6a7af40aba33813eda0
PsychoPy.zip,psychopy/DI16UB31_B_LB_Balance_and_VR_B_2026-06-22_09h09.01.582.psydat,8723,fd36a7acaaef21c301a36bc4154759cc0d8924963387ba25197d031405149487
PsychoPy.zip,psychopy/DI16UB31_Balance_and_VR_A_2026-06-22_08h36.06.928.log,123,6cc2a5d11f573d358edfb6d5cb6e148895c31542ea27c5613fa5a36fe0cdc763
PsychoPy.zip,psychopy/DI16UB31_Balance_and_VR_A_2026-06-22_08h36.06.928.psydat,8664,e5c04692987d83657d04cce57d0c02f9883ca2e37e1927f2d99f99326f274247
PsychoPy.zip,psychopy/DO11UB30_A_LB_Balance_and_VR_A_2026-06-15_15h29.06.514.csv,10869,ec5d31c0a61d7724213148f618a2d0eff8344355517d4482a7fc0d7c51c31198
PsychoPy.zip,psychopy/DO11UB30_A_LB_Balance_and_VR_A_2026-06-15_15h29.06.514.log,124,fd961e80558417cb50d398d0423f2d5962208a15d135bb69155341b8176026f5
PsychoPy.zip,psychopy/DO11UB30_A_LB_Balance_and_VR_A_2026-06-15_15h29.06.514.psydat,9961,a9698b9eb6487b9cef60f05e8005175b6f7360c3062825b8af97f591eb3cf9bf
PsychoPy.zip,psychopy/DO11UB30_B_HB_Balance_and_VR_B_2026-06-15_16h20.33.907.csv,12886,04144e3a895939f605b4afefb162fa2ae07464ee67fc19e93c8276f5bc57a4f4
PsychoPy.zip,psychopy/DO11UB30_B_HB_Balance_and_VR_B_2026-06-15_16h20.33.907.log,123,c81af4f4186651f468c9a1ab43ab32d869c3edca2b5a0f5764000d1a9aa0cd45
PsychoPy.zip,psychopy/DO11UB30_B_HB_Balance_and_VR_B_2026-06-15_16h20.33.907.psydat,11800,ab40af5f3edae0168efcd9ffe16f403cb7797cb84e2eb74d44002626ebcad4cb
PsychoPy.zip,psychopy/DO13UE03_Balance_and_VR_A_2026-06-23_16h59.03.791.csv,21116,a092fbd5659e62d7233fe791a09b9b48c59d773ab3d63457832c720f9919c285
PsychoPy.zip,psychopy/DO13UE03_Balance_and_VR_A_2026-06-23_16h59.03.791.log,123,eadef389b3fe661f334e9252b5e9a32cb4590dc8d89f536fbdb56098ba63d140
PsychoPy.zip,psychopy/DO13UE03_Balance_and_VR_A_2026-06-23_16h59.03.791.psydat,19865,1ad732220bc61d53422dd139a41658f65835a8a9538a572b74f981bd53eb6c56
PsychoPy.zip,psychopy/DO13UE03_Balance_and_VR_B_2026-06-23_17h38.33.972.csv,26061,6bcbb345e8599381a5d923d23ba38018323492b08c5ccd12789f24a9723ca965
PsychoPy.zip,psychopy/DO13UE03_Balance_and_VR_B_2026-06-23_17h38.33.972.log,123,017b9b34f2a7a176e4c55e0f2d26a8e1867ee55e2e5a983c4d5e29d8e2fc0c29
PsychoPy.zip,psychopy/DO13UE03_Balance_and_VR_B_2026-06-23_17h38.33.972.psydat,24332,ae03cf06fda9faf9fa061e6dd758419b179c6421dd4238d405af6edd1be19ede
PsychoPy.zip,psychopy/EL30AD28_Balance_and_VR_A_2026-05-29_08h01.40.867.csv,8744,e21390e1d73dd90d4b0ea2266eeeb251320301f8a78ef32ffc6e3faac3b43afa
PsychoPy.zip,psychopy/EL30AD28_Balance_and_VR_A_2026-05-29_08h01.40.867.log,444,087bdd055bc8102df5e723974df19f3dca84bd262d1aecd9554f4399fd611926
PsychoPy.zip,psychopy/EL30AD28_Balance_and_VR_A_2026-05-29_08h01.40.867.psydat,7802,ddc06bffe416876d773940f4ea9221fbef81c0fb0881977b3cd90b96f0889da8
PsychoPy.zip,psychopy/EL30AD28_Balance_and_VR_B_2026-05-29_08h59.47.274.csv,9380,6c87b94575e41dc78c747f8bc30240d34156d191708740ff760c7fe0e5a042cd
PsychoPy.zip,psychopy/EL30AD28_Balance_and_VR_B_2026-05-29_08h59.47.274.log,432,7b5a0057005d91e065557f105fbc1a15684851a986386a7aca6b926d681febec
PsychoPy.zip,psychopy/EL30AD28_Balance_and_VR_B_2026-05-29_08h59.47.274.psydat,8503,c6627ea7670fdfa58a2f214ea2383acc54edc8eac0f0e267e743a312b00b9901
PsychoPy.zip,psychopy/KA14RE15_Balance_and_VR_A_2026-05-26_09h42.18.271.csv,8548,28d9299eef7b3ee06ed2bc6cb233c81ee7872dcc3d593d79f88b264b03a80615
PsychoPy.zip,psychopy/KA14RE15_Balance_and_VR_A_2026-05-26_09h42.18.271.log,432,9f1538d2d267a6aef2336fb5cde5f725244cb398844682428f7a8cff81351080
PsychoPy.zip,psychopy/KA14RE15_Balance_and_VR_A_2026-05-26_09h42.18.271.psydat,7588,65f0cc4606da75c6a7097da5c279462c66bc1265b6ecb84a5d04539fa7d496f9
PsychoPy.zip,psychopy/KA14RE15_Balance_and_VR_B_2026-05-26_10h17.08.360.csv,9018,14199ae957751f8bb42df5188cdfaba01ee5e34962e99ed7ca33b523c3b9fe82
PsychoPy.zip,psychopy/KA14RE15_Balance_and_VR_B_2026-05-26_10h17.08.360.log,432,ae88c38761949a178ec8c94bdbc73fa0252037fe261bc47269fa9b4ddc0df4a9
PsychoPy.zip,psychopy/KA14RE15_Balance_and_VR_B_2026-05-26_10h17.08.360.psydat,8174,d5f59f14c53c8ac3166636a0875b01187f05fcbce4107f85e1308ac1ef6435c4
PsychoPy.zip,psychopy/PE16IN18_Balance_and_VR_A_2026-06-18_08h22.06.986.csv,8429,95572c50334a7ec7589813c616d5a3ad0b7e42cfc4cb03ac351a00eddb2f7fad
PsychoPy.zip,psychopy/PE16IN18_Balance_and_VR_A_2026-06-18_08h22.06.986.log,432,3792992e9dabb3abc833eac4afe755612be49f46081d167307c841c7c2f5a299
PsychoPy.zip,psychopy/PE16IN18_Balance_and_VR_A_2026-06-18_08h22.06.986.psydat,7482,83ac145e9c5b200de0145a45f6ed1d605937e0b49678636b75a6a243d408636f
PsychoPy.zip,psychopy/PE16IN18_Balance_and_VR_B_2026-06-18_08h50.51.709.csv,8330,6232ff30a4f954ae006becb70fcc214c9cbda0f12aff32ae5f4c1989f5253003
PsychoPy.zip,psychopy/PE16IN18_Balance_and_VR_B_2026-06-18_08h50.51.709.log,438,7aeb0479a2a49c6adfd2bca97538429cb56f1ae75ebdcd0503a1b5a66cecfc55
PsychoPy.zip,psychopy/PE16IN18_Balance_and_VR_B_2026-06-18_08h50.51.709.psydat,7567,75aee3c2765515b25ab8dbe737febbe37b2e14d13615b110ff0634bf55bc4569
PsychoPy.zip,psychopy/RE13ON18_Balance_and_VR_A_2026-07-10_10h57.47.421.csv,9208,dcb26b6096b85a52351b92deeb6f7ec2c0c56a56d61f12b3aca637304262d013
PsychoPy.zip,psychopy/RE13ON18_Balance_and_VR_A_2026-07-10_10h57.47.421.log,122,51c3af43cc6a29cbd6605c10123ccfe79a51c19118e9d15620700b11541a979c
PsychoPy.zip,psychopy/RE13ON18_Balance_and_VR_A_2026-07-10_10h57.47.421.psydat,8378,30c39dbda188aca7772537d8cfbb7c5b5ee081c8713e3dce5c6f18a9df4af84d
PsychoPy.zip,psychopy/RE13ON18_Balance_and_VR_B_2026-07-10_11h29.36.981.csv,8963,4542f1b34c4a310e2cafe0f4c33a937b99f47b4f72b13500bff947dc60d6233a
PsychoPy.zip,psychopy/RE13ON18_Balance_and_VR_B_2026-07-10_11h29.36.981.log,230,b22d890de2d0f12e11e1132aaec05e084859547d25575d87d97a0f74402cd64b
PsychoPy.zip,psychopy/RE13ON18_Balance_and_VR_B_2026-07-10_11h29.36.981.psydat,8110,5246b8039b59c5f7e7b6703f0d3dd0d2beda570a049f05ddff9aa5b22f72afb3
PsychoPy.zip,psychopy/_Balance_and_VR_A_2026-06-18_08h02.06.393.csv,221,ea281fba80b771a89b5e21ffb19766ce71e6f362ef4d377065c5e1f79975ea9e
PsychoPy.zip,psychopy/_Balance_and_VR_A_2026-06-18_08h02.06.393.log,124,d94ac6c037c684bed3d5d6a55465c3f26cd98724e513b6b2d3011422afce93f0
PsychoPy.zip,psychopy/_Balance_and_VR_A_2026-06-18_08h02.06.393.psydat,858,1e02bb214eb7ecac212dcba97eea093c1d49cd9abc193102fc2808ee98001ac5
PsychoPy.zip,psychopy/_Balance_and_VR_A_2026-06-22_08h06.13.870.csv,219,36201a4d5dfe731141a628a632c3440413948b13b3d27185525d960aff8c600b
PsychoPy.zip,psychopy/_Balance_and_VR_A_2026-06-22_08h06.13.870.log,124,e0066bc8a956619937cc4e937579540bb816a75428fb23269f615f2535c26f56
PsychoPy.zip,psychopy/_Balance_and_VR_A_2026-06-22_08h06.13.870.psydat,858,c89f50b35c4ff66107a9564065e406dc13fa8e61703296a4ef27a3cd5ae2ab04
PsychoPy.zip,psychopy/demo_Balance_and_VR_A_2026-05-27_12h39.06.029.csv,5160,88c10c4ae14c2aa52b03f84429e0858e4a617191d99f2707e2efe5dbc15c7f43
PsychoPy.zip,psychopy/demo_Balance_and_VR_A_2026-05-27_12h39.06.029.log,124,7a855b5f221370eedadf921e82f02f94a29b714bf5f7ac873d2a0e5fa0ea52da
PsychoPy.zip,psychopy/demo_Balance_and_VR_A_2026-05-27_12h39.06.029.psydat,5092,2f7187a6286b0d51a02b5ec68bc557f46baa5502445f8dd86d2438c390713217
Anaropia.zip,vr/Testing/s/Manual_Screen_TestStimuli_0_s_t2.csv,388192,ccbd02299a0b2646597d2e97f60fff2aed1a34237c1a7727ecd9ec35f31efb94
Anaropia.zip,vr/Testing/s/RectScreen_Balance and VR_1_s_t3.csv,10500502,f25bdc3f631deb4f40a0ffbfcc3a91de1e54bc9f3c25dae8a1f506ed6bdbdcd9
Anaropia.zip,vr/Testing/s/RectScreen_Balance and VR_1_s_t4_INCOMPLETE.csv,1804462,1b101673f831e45b55e4a167cb56698a025961aa514d2e39937d430173b2f8b8
Anaropia.zip,vr/Testing/s/RectScreen_Balance and VR_1_s_t5_INCOMPLETE.csv,753269,2fe47cb3ca292253224e53a2a4834d776599a587d5f20f3af2a144bcbdef09eb
Anaropia.zip,vr/Testing/s/RectScreen_Balance and VR_1_s_t6_INCOMPLETE.csv,360953,2baa6eee5ab26af473d41fb2245e1d3d4518d7e2cb6d4554e900e17c13e2fd52
Anaropia.zip,vr/Testing/s/Screen_TestStimuli_1_s_t1.csv,441524,dbb73f0ef08d7839eb915d05d8e434ffd5a07fbca9bee05d6edbe36116e0bdb5
Anaropia.zip,vr/Testing/sPilotB_A_HB/Screen_Balance and VR_1_sPilotB_A_HB_t1.csv,10529409,76b314a6e61f745fc5932f011807326cd6710ccbbee9bbb77722f5f58d6fac22
Anaropia.zip,vr/Testing/sPilotB_A_HB/Screen_Balance and VR_1_sPilotB_A_HB_t2.csv,10516788,5bd2fa58946e85cce7410b5f040c51aef5847c1d45cdfacec7e436f11b340b3b
Anaropia.zip,vr/Testing/sPilotB_A_HB/Screen_Balance and VR_1_sPilotB_A_HB_t2_INCOMPLETE.csv,10516788,5bd2fa58946e85cce7410b5f040c51aef5847c1d45cdfacec7e436f11b340b3b
Anaropia.zip,vr/Testing/sPilotB_A_HB/Screen_Balance and VR_1_sPilotB_A_HB_t3.csv,10451063,864495b9bd316688568e35426c572ac4a937d7cae30ee21af4bfbcc5509c6431
Anaropia.zip,vr/Testing/sPilotB_A_HB/Screen_Balance and VR_1_sPilotB_A_HB_t4_INCOMPLETE.csv,136095,ddb0984e8932a64c913e18831213e1444e58716e49c7a2480864d6ff00555927
Anaropia.zip,vr/Testing/sPilotB_A_HB/Screen_Balance and VR_1_sPilotB_A_HB_t5_INCOMPLETE.csv,68407,694b1aae3d573062c71231171d63092b0a1a2668a2854c13d97dc1e61d8b4453
Anaropia.zip,vr/Testing/sPilotB_A_HB/Screen_Balance and VR_1_sPilotB_A_HB_t6_INCOMPLETE.csv,98025,588c6757e48e3a0d368f1023cfa40cda100747b745312917b80f1ebb6660f349
Anaropia.zip,vr/Testing/sPilotK_A_HB/Screen_Balance and VR_1_sPilotK_A_HB_t1_INCOMPLETE.csv,316070,fa88eac5eae9623afadd10ac5fb5c7e5d78e7f49f4e598496e3c3c545b0bd5ad
Anaropia.zip,vr/Testing/sPilotK_A_HB/Screen_Balance and VR_1_sPilotK_A_HB_t2_INCOMPLETE.csv,10484647,674400762cb051db8894b72c8afa48983ee7ed277edb7d47928aff61fdbd7c22
Anaropia.zip,vr/Testing/sPilotK_A_HB/Screen_Balance and VR_1_sPilotK_A_HB_t3_INCOMPLETE.csv,10512436,94f239c64c003475019347d52fe64d1f7c136e6d0e06a21fb4a9dcd6b1350cb7
Anaropia.zip,vr/Testing/sPilotK_A_HB/Screen_Balance and VR_1_sPilotK_A_HB_t4_INCOMPLETE.csv,10502735,edf3a9d6ce004dfd0c3923f6dc002bb653d3f8ba992e06ef2c2c316b5016a839
Anaropia.zip,vr/Testing/sPilotK_A_HB/Screen_Balance and VR_1_sPilotK_A_HB_t5_INCOMPLETE.csv,10535484,cf74f105e8e3c6a71b2449a74788c03ff9f99b427c8ad674a4c49dfc49457e7f
Anaropia.zip,vr/Testing/sPilotK_B_HB/Screen_Balance and VR_1_sPilotK_B_HB_t1_INCOMPLETE.csv,72752,c230d70819da9205a5d3c974297d31645d952f02d5e00227e922fb3e650119ce
Anaropia.zip,vr/Testing/sTE00ST00/Screen_TestStimuli_1_sTE00ST00_t1_INCOMPLETE.csv,432510,042c471b0b4a09e54b2d99496343d6b3b7996b68360609bbffaa3087f68594a2
Anaropia.zip,vr/Testing/sTE00ST00/Screen_TestStimuli_1_sTE00ST00_t2_INCOMPLETE.csv,729838,fdd9137c74328f495b0071da95840d138c9df4fdbc8eccb76ea0912cd11f92f6
Anaropia.zip,vr/Testing/sTE00ST00/Screen_TestStimuli_1_sTE00ST00_t3.csv,998104,37ca7a46c183d8001e332f4fb69d6e06287d0df06a3ab4a67f81f58857c68478
Anaropia.zip,vr/Testing/sTE00ST00/Screen_TestStimuli_1_sTE00ST00_t4_INCOMPLETE.csv,470662,d8aa1069dc348fb43dc4d61f08b2676c3730c7a8cc32a0976c74e5d177328be4
Anaropia.zip,vr/Testing/sTR00IAL00/Screen_Balance and VR_1_sTR00IAL00_t1.csv,9434593,f7796fc961570dcf3bc7de3e5f03044afd872485c28b21b056036a7286cefe93
Anaropia.zip,vr/Testing/sTR00IAL00/Screen_Balance and VR_1_sTR00IAL00_t2.csv,9436710,a427825c003a621858f094e92604653b41524fbfe382911d92195d2c4d983411
Anaropia.zip,vr/Testing/sTR00IAL00/Screen_Balance and VR_1_sTR00IAL00_t3.csv,9427909,ba63d6df01d78882ecca0fbc30880420d1e652df1b2f879c3f92de2f080e0bfb
Anaropia.zip,vr/Testing/sTR00IAL00/Screen_Balance and VR_1_sTR00IAL00_t4.csv,9446234,8955c4074cb2848835f5d8f45276dc1d297b3119ced5940ee7a2b4086de3e6d5
Anaropia.zip,vr/Testing/smm21mm21_A_LB_/Screen_Balance and VR_1_smm21mm21_A_LB__t1.csv,8423338,b30d78ff620546bb2ffc168f1f9d6f5551b10c21dc813967dacacccc4078683f
Anaropia.zip,vr/Testing/smm21mm21_A_LB_/Screen_Balance and VR_1_smm21mm21_A_LB__t2.csv,8414095,03697797e331a2eda4c14187b80915a75e291c6ddb406f79048ea9bd4c17ad8b
Anaropia.zip,vr/Testing/smm21mm21_A_LB_/Screen_Balance and VR_1_smm21mm21_A_LB__t3.csv,8389643,cb5876f5c9b2ea6188756fec3f7838419c2cdc603d7586bff591cad760ad6dfb
Anaropia.zip,vr/Testing/spilot_b_LB/RectScreen_Balance and VR_1_spilot_b_LB_t1_INCOMPLETE.csv,1259234,c4f20641241a739811af7d18d645cd5aa7e9b220218a3f033d0aafe17f731e5f
Anaropia.zip,vr/Testing/spilot_b_LB0/RectScreen_Balance and VR_1_spilot_b_LB0_t1_INCOMPLETE.csv,6447226,e3c8acfc2f1b51278bb829c985bde59417bb2889d832046eaaaaac93a381643a
Anaropia.zip,vr/Testing/spilot_b_LB0/RectScreen_Balance and VR_1_spilot_b_LB0_t2.csv,10503295,fdffb7e861824f2b0226da41e86c667a266e705437717a9722466a39b9e92b4a
Anaropia.zip,vr/Testing/spilot_b_LB0/RectScreen_Balance and VR_1_spilot_b_LB0_t2_INCOMPLETE.csv,10503295,fdffb7e861824f2b0226da41e86c667a266e705437717a9722466a39b9e92b4a
Anaropia.zip,vr/Testing/spilot_b_LB0/RectScreen_Balance and VR_1_spilot_b_LB0_t2_INCOMPLETE.csv_FAILSAFE,10503295,fdffb7e861824f2b0226da41e86c667a266e705437717a9722466a39b9e92b4a
Anaropia.zip,vr/Testing/spilot_b_LB0/RectScreen_Balance and VR_1_spilot_b_LB0_t3_INCOMPLETE.csv,1403615,1e84ae34a0b72846fa50870e879860bcd33469c4cc3291635e163cb337d3e240
Anaropia.zip,vr/s/Screen_Balance and VR_1_s_t1_INCOMPLETE.csv,91270,6925dcf2d783a9f27bef7bf07e874cea14c46002d96b179f0295250fe1dd3717
Anaropia.zip,vr/sAN06AN18_A_LB/Screen_Balance and VR_1_sAN06AN18_A_LB_t1.csv,4656784,81414790e148a10def3d47d01e094ff63609e40ff02acfe0cd51989c007c1d8f
Anaropia.zip,vr/sAN06AN18_A_LB/Screen_Balance and VR_1_sAN06AN18_A_LB_t2.csv,4663321,5d68807df1afc65d7b9db1122b3a53df916c61524d0f1ce54c0a62c78e94b1b0
Anaropia.zip,vr/sAN06AN18_A_LB/Screen_Balance and VR_1_sAN06AN18_A_LB_t3_INCOMPLETE.csv,4649037,057e04ff13ed5887106af0503b3600a24450d77a5a3632ac39032be98aeb5356
Anaropia.zip,vr/sAN06AN18_A_LB/Screen_Balance and VR_1_sAN06AN18_A_LB_t4_INCOMPLETE.csv,4651982,28cb75fde20d464f0110cac0e83914c9cc2724fd4619e0d93488462b9460192b
Anaropia.zip,vr/sAN06AN18_B_HB/Screen_Balance and VR_1_sAN06AN18_B_HB_t1_INCOMPLETE.csv,4667217,61aa89343c7c0cd5c0f3b537000c858c56d97af7aced852d30fb7a4f7ed5071e
Anaropia.zip,vr/sAN06AN18_B_HB/Screen_Balance and VR_1_sAN06AN18_B_HB_t2_INCOMPLETE.csv,4680610,91a828c0d13a59ef8585c92955f8a3a38a72b7a14eb329001f4534f3b67ba6a3
Anaropia.zip,vr/sAN06AN18_B_HB/Screen_Balance and VR_1_sAN06AN18_B_HB_t3.csv,4692920,b4af8d120a2eac456f49f36456d48a24fb87b55235cf628eb1c8c3529ef45f57
Anaropia.zip,vr/sAN06AN18_B_HB/Screen_Balance and VR_1_sAN06AN18_B_HB_t4.csv,4685608,5e399cd23ee9ca9c345b180ef0a280c816753de897c22d0de65a0f08e750c9bd
Anaropia.zip,vr/sAN06AN18_B_HB/Screen_Balance and VR_1_sAN06AN18_B_HB_t4_INCOMPLETE.csv,4685608,5e399cd23ee9ca9c345b180ef0a280c816753de897c22d0de65a0f08e750c9bd
Anaropia.zip,vr/sAN07IE11_A_HB/Screen_Balance and VR_1_sAN07IE11_A_HB_t1.csv,5766755,639891977d4aef7aa4ab48871c33f91b2f61069e2bc9d5e50d7486ae1f941d4b
Anaropia.zip,vr/sAN07IE11_A_HB/Screen_Balance and VR_1_sAN07IE11_A_HB_t2.csv,5781925,5483c067bee8a8aba9517cc221b96f4f708df8d9a255ca3a1e6ec868630e4cc2
Anaropia.zip,vr/sAN07IE11_A_HB/Screen_Balance and VR_1_sAN07IE11_A_HB_t3.csv,5785258,b5e01e598f22a510b4972aa49bd126b97d1c016d7853092494638b92e3071913
Anaropia.zip,vr/sAN07IE11_A_HB/Screen_Balance and VR_1_sAN07IE11_A_HB_t4_INCOMPLETE.csv,5805294,3c6276c9950b3f4b53b487105c3f0c473462e5e892bc7ebfe5c741ce2808272c
Anaropia.zip,vr/sAN07IE11_B_LB/Screen_Balance and VR_1_sAN07IE11_B_LB_t1.csv,5764527,08f890a8950ad6c4db70294c2afbb8c044abe394b4df15dbd0f6b19b15c2bcbe
Anaropia.zip,vr/sAN07IE11_B_LB/Screen_Balance and VR_1_sAN07IE11_B_LB_t2_INCOMPLETE.csv,5765660,d492ddbfa070ff25b31e852dede4f27132c7163c8f5563dd88bf937cbc45f109
Anaropia.zip,vr/sAN07IE11_B_LB/Screen_Balance and VR_1_sAN07IE11_B_LB_t3_INCOMPLETE.csv,5785504,eb60032b0cf563c2085e703bbe0677de25648070092cf25e738205e88007f7bd
Anaropia.zip,vr/sAN07IE11_B_LB/Screen_Balance and VR_1_sAN07IE11_B_LB_t4_INCOMPLETE.csv,5795784,954c7a287b16bf5ff24ef0928c50a04138b7b9baa3e9fe0b7c5b14521835e639
Anaropia.zip,vr/sAN23BE15_A_HB/Screen_Balance and VR_1_sAN23BE15_A_HB_t1.csv,5779552,2bf758f5427495c2f2904ca29b6be4044b3e4bff8f41d8415e1114802f453ee8
Anaropia.zip,vr/sAN23BE15_A_HB/Screen_Balance and VR_1_sAN23BE15_A_HB_t2.csv,5769203,4b744474074fbc417ea149f4a9778a4259202fd59db51a675c5c63b8849838ab
Anaropia.zip,vr/sAN23BE15_A_HB/Screen_Balance and VR_1_sAN23BE15_A_HB_t3.csv,5788010,164923d9fe405912a65fc622890fbe8c66b71ac1062c4cf3ab6df5377cb21099
Anaropia.zip,vr/sAN23BE15_A_HB/Screen_Balance and VR_1_sAN23BE15_A_HB_t4.csv,5787475,21cc30befc592ad632cb7bfb3954f9ddbeddac7df4fc160dc59356f6c3d8e4f2
Anaropia.zip,vr/sAN23BE15_B_LB/Screen_Balance and VR_1_sAN23BE15_B_LB_t1.csv,5756298,7dc403985bbac800dbc86ff138289d4b622cef28227eeaecfbf1e9adeef3c712
Anaropia.zip,vr/sAN23BE15_B_LB/Screen_Balance and VR_1_sAN23BE15_B_LB_t2.csv,5765022,f65c14346e6be03141a44316f1cfa07f4ae1288378cdb4eacb80ff1eb39007f2
Anaropia.zip,vr/sAN23BE15_B_LB/Screen_Balance and VR_1_sAN23BE15_B_LB_t3.csv,5751253,cb1443eb6b8d5e443c5fb437fdc7076805f93702bd9ae8e0642fb07792cbf6a3
Anaropia.zip,vr/sAN23BE15_B_LB/Screen_Balance and VR_1_sAN23BE15_B_LB_t4.csv,5753027,2c1a1c571c5487bc97b194144ba2b6dd32fb0c68b4282c14feb68e02a6f7631f
Anaropia.zip,vr/sBI20OE24_A_LB/Screen_Balance and VR_1_sBI20OE24_A_LB_t1_INCOMPLETE.csv,4443618,2fb3dda378bf1a753b6844e7819457b55bbcc7c5d736edc46382e985bee2f0a3
Anaropia.zip,vr/sBI20OE24_A_LB/Screen_Balance and VR_1_sBI20OE24_A_LB_t2_INCOMPLETE.csv,5800065,4d445662ea82fafc9c7ceddeabc7b090e310545321c71f28d3797fda9853a1b1
Anaropia.zip,vr/sBI20OE24_A_LB/Screen_Balance and VR_1_sBI20OE24_A_LB_t3_INCOMPLETE.csv,5807380,6ab283e58d8497e5ac7ef60f90d7dcc3596b9568d2a47fda991913bf8d7a38b9
Anaropia.zip,vr/sBI20OE24_A_LB/Screen_Balance and VR_1_sBI20OE24_A_LB_t4_INCOMPLETE.csv,5785074,1c78a5e60c0959228bca1e610073a92cd2e0a6222c54069b8859e877a1e6fd46
Anaropia.zip,vr/sBI20OE24_B_H1B_/Screen_Balance and VR_1_sBI20OE24_B_H1B__t1_INCOMPLETE.csv,5001892,f96d5dea95cda066c08d421dec73b2843c0901b62a0a8b4cd04a88f82b31bee7
Anaropia.zip,vr/sBI20OE24_B_H1B_/Screen_Balance and VR_1_sBI20OE24_B_H1B__t2_INCOMPLETE.csv,5772333,1adffb12a504b09368320c41116e7ba1a63b825d170e70d74c2576b4b3769aa1
Anaropia.zip,vr/sBI20OE24_B_H1B_/Screen_Balance and VR_1_sBI20OE24_B_H1B__t3_INCOMPLETE.csv,5738939,9ba0cc1613286159056bd90b9c4e83cf196e306999cfb1e6c25b5ac4b5ce84ad
Anaropia.zip,vr/sBI20OE24_B_H1B_/Screen_Balance and VR_1_sBI20OE24_B_H1B__t4_INCOMPLETE.csv,5760910,d00b5c9116a38a4d1cf7f378ad64ba670d28d9520c5610cd3c9a3a85b804f583
Anaropia.zip,vr/sCA04TU11_A_LB/Screen_Balance and VR_1_sCA04TU11_A_LB_t1.csv,5742750,6c31f76f1e87583d0184bfe923361a5a537449bbe92ca7b3dc7cd869b241b2fc
Anaropia.zip,vr/sCA04TU11_A_LB/Screen_Balance and VR_1_sCA04TU11_A_LB_t2.csv,5748089,4eaa1dbd6a961e07c80c7ef29e1e7c309bbf2ca45c4a588c40862ae3e2f7715a
Anaropia.zip,vr/sCA04TU11_A_LB/Screen_Balance and VR_1_sCA04TU11_A_LB_t2_INCOMPLETE.csv,5748089,4eaa1dbd6a961e07c80c7ef29e1e7c309bbf2ca45c4a588c40862ae3e2f7715a
Anaropia.zip,vr/sCA04TU11_A_LB/Screen_Balance and VR_1_sCA04TU11_A_LB_t3.csv,5756607,e51dbf1fe618e99f2056c6aea2564f0709d7147934ea20ac5bffe902e8f12320
Anaropia.zip,vr/sCA04TU11_A_LB/Screen_Balance and VR_1_sCA04TU11_A_LB_t4.csv,5758842,7347cbc7551b55b32f4bd01c7097b23ab2e40ca058998e022d16b148bb3a5d21
Anaropia.zip,vr/sCA04TU11_B_HB/Screen_Balance and VR_1_sCA04TU11_B_HB_t1_INCOMPLETE.csv,2054649,9383518cc3a8718363d57ebc80ba30da2a2fb4a86e8c45d5e2ab5b1a7a343cb4
Anaropia.zip,vr/sCA04TU11_B_HB/Screen_Balance and VR_1_sCA04TU11_B_HB_t2.csv,5781618,5a2852b1591b6c57027eb24349651caa193332c68d9317870e3476af18c76972
Anaropia.zip,vr/sCA04TU11_B_HB/Screen_Balance and VR_1_sCA04TU11_B_HB_t3.csv,5760142,536c8da75443adfdd28928be7c48d5ccba578d1ae72f3b49690e2a3ef77015ee
Anaropia.zip,vr/sCA04TU11_B_HB/Screen_Balance and VR_1_sCA04TU11_B_HB_t4.csv,5765243,0f6bf51a8247a8d98ead8bda720a7df2146f551be0fe452b79482df2ae3c1e03
Anaropia.zip,vr/sCA04TU11_B_HB/Screen_Balance and VR_1_sCA04TU11_B_HB_t5.csv,5771354,fb7f1a5e71d9e066dff470e424e7080bca6737963505251b1e5ba8504130c7bb
Anaropia.zip,vr/sCH08TU30_A_HB/Screen_Balance and VR_1_sCH08TU30_A_HB_t1.csv,5724570,2b9c35ef474f5154ea1bfb367e044c749419e05bb2891e2fa95f04d248cc71bc
Anaropia.zip,vr/sCH08TU30_A_HB/Screen_Balance and VR_1_sCH08TU30_A_HB_t2.csv,5768776,a0443b26dea66844d60d029665a51eed7e219b69e32a57b8617e7dfa1d87d41d
Anaropia.zip,vr/sCH08TU30_A_HB/Screen_Balance and VR_1_sCH08TU30_A_HB_t3.csv,5736481,e6fea963e1dbb86b30fae84f3a28111217fed2f82b0863b465e193549c6e20ac
Anaropia.zip,vr/sCH08TU30_A_HB/Screen_Balance and VR_1_sCH08TU30_A_HB_t4.csv,5732225,b94156e409680a15b4adadaaec86517760a5e2c73a67b976c87a97003acbd05d
Anaropia.zip,vr/sCH08TU30_A_LB/Screen_Balance and VR_1_sCH08TU30_A_LB_t1.csv,5748458,d07c1314580ff793fa5be78a0e9267864033e0f7c362f07c91e579693d6f2ba3
Anaropia.zip,vr/sCH08TU30_A_LB/Screen_Balance and VR_1_sCH08TU30_A_LB_t2.csv,5766378,9b88893346044f8d8c0799a87e6951f162ea22ca063c7df3bfe1f3ead6415f03
Anaropia.zip,vr/sCH08TU30_A_LB/Screen_Balance and VR_1_sCH08TU30_A_LB_t3.csv,5777659,c3cfc63e197442566f93ffabdcee1c37f9030d54da0b0db04220f1ebcb312401
Anaropia.zip,vr/sCH08TU30_A_LB/Screen_Balance and VR_1_sCH08TU30_A_LB_t4.csv,5748403,c2ce6d1a867eaaab44ef084f0d1cf6dc696bf512d113b02057fe409a59771c6f
Anaropia.zip,vr/sCH10AL22_A_HB/Screen_Balance and VR_1_sCH10AL22_A_HB_t1.csv,5779501,776a87c8509c05e228dc83add6148edc0fb11ec50ef3561a2bd7590cccb61653
Anaropia.zip,vr/sCH10AL22_A_HB/Screen_Balance and VR_1_sCH10AL22_A_HB_t2.csv,5772809,552e21c69ee85816bef6c322c2da4de432acd8d67183cc54cee0c8b789ab9b0c
Anaropia.zip,vr/sCH10AL22_A_HB/Screen_Balance and VR_1_sCH10AL22_A_HB_t3.csv,5788247,4afb9c924d037744dcca6cf284e76921ec0d34a69e85fb13bc17004e2b03f256
Anaropia.zip,vr/sCH10AL22_A_HB/Screen_Balance and VR_1_sCH10AL22_A_HB_t4.csv,5784922,f3cd3f40fbab629ef7a486c18a8781b77577ebbcff730f9a58a76701c0f11923
Anaropia.zip,vr/sCH10AL22_A_LB/Screen_Balance and VR_1_sCH10AL22_A_LB_t1.csv,5782611,68a2d9e57dae0c6a0de348ce3cf324121644cdd8ddfd47a7583ecadc281a4673
Anaropia.zip,vr/sCH10AL22_A_LB/Screen_Balance and VR_1_sCH10AL22_A_LB_t2.csv,5798676,cecfc60d47bf330150e3d01034831456479aa66ff933304127e9a20db8407074
Anaropia.zip,vr/sCH10AL22_A_LB/Screen_Balance and VR_1_sCH10AL22_A_LB_t3.csv,5813417,3d7e8f457d29e16e906c351c9cc2f313ef677e5dca9ac8467c6f4304315810a4
Anaropia.zip,vr/sCH10AL22_A_LB/Screen_Balance and VR_1_sCH10AL22_A_LB_t4.csv,5799619,572f43ee39bf4a211220c9f7e7dfd1e8f5d8755fa6c177a34f37d297c43be220
Anaropia.zip,vr/sCH11RE22_A_HB/Screen_Balance and VR_1_sCH11RE22_A_HB_t1.csv,5757418,3c603a2449699ed6123fc2e864f864c514cb8458b12ca1ee14e07eb1385b9629
Anaropia.zip,vr/sCH11RE22_A_HB/Screen_Balance and VR_1_sCH11RE22_A_HB_t1_INCOMPLETE.csv,5757418,3c603a2449699ed6123fc2e864f864c514cb8458b12ca1ee14e07eb1385b9629
Anaropia.zip,vr/sCH11RE22_A_HB/Screen_Balance and VR_1_sCH11RE22_A_HB_t2_INCOMPLETE.csv,5753524,bcf7e925c8b234edaaf7b2d8fc709d2bffcd4a1f25a6c32ac535801f7f8c95a2
Anaropia.zip,vr/sCH11RE22_A_HB/Screen_Balance and VR_1_sCH11RE22_A_HB_t3_INCOMPLETE.csv,5698212,3705b5c189e36f371ef18e3823838e555f281bcf32feeeae84db7f30efb77155
Anaropia.zip,vr/sCH11RE22_A_HB/Screen_Balance and VR_1_sCH11RE22_A_HB_t4_INCOMPLETE.csv,5730072,f88adcd6d71dcb5a10d2a8bb340cd996d6dde9119393dbbc526695df6c4e37db
Anaropia.zip,vr/sCH11RE22_A_LB/Screen_Balance and VR_1_sCH11RE22_A_LB_t1_INCOMPLETE.csv,5764810,48782a8c4cf83df4cb912c717eba0de061dbe8b7c191cfb28976d61256eeb343
Anaropia.zip,vr/sCH11RE22_A_LB/Screen_Balance and VR_1_sCH11RE22_A_LB_t2_INCOMPLETE.csv,5754779,71c0a35255759c64b4266828766e5ff3e1815e1047d07ec5c748e72f24000297
Anaropia.zip,vr/sCH11RE22_A_LB/Screen_Balance and VR_1_sCH11RE22_A_LB_t3_INCOMPLETE.csv,5761793,f578c3855e407b5146dd65b0ca6650317aa368cfd769c23323dcb1cf9b00b536
Anaropia.zip,vr/sCH11RE22_A_LB/Screen_Balance and VR_1_sCH11RE22_A_LB_t4_INCOMPLETE.csv,5765731,037f40aed64038e6933757dc25602a7c8bad85d7afa4c8f4b7b3dcc9cf7b0bf6
Anaropia.zip,vr/sDI16UB31_A_HB/Screen_Balance and VR_1_sDI16UB31_A_HB_t1.csv,5709021,e66fe7f321c2cfc9a70396addfdf0c775fa5577f50e9f9ffa314c836ad77d613
Anaropia.zip,vr/sDI16UB31_A_HB/Screen_Balance and VR_1_sDI16UB31_A_HB_t2.csv,5704787,ee6714c39d172a9b815a89d1a99b119d57fbaa968e439220f0582a94b2df2025
Anaropia.zip,vr/sDI16UB31_A_HB/Screen_Balance and VR_1_sDI16UB31_A_HB_t3.csv,5690942,41f028b441152b26165d03c32d0aaa788a6c4c3ea3c4a0551d46bfd670650ebc
Anaropia.zip,vr/sDI16UB31_A_HB/Screen_Balance and VR_1_sDI16UB31_A_HB_t4.csv,5690092,551357f6d9912ab233c94f770d94a9951f5dce6c2b3b28a65b3653fe2018c772
Anaropia.zip,vr/sDI16UB31_B_LB/Screen_Balance and VR_1_sDI16UB31_B_LB_t1.csv,5790276,93b2a845e892ea0b3a80de9b9659b5b558d9c75aa21179fcc8dd59b0be46664c
Anaropia.zip,vr/sDI16UB31_B_LB/Screen_Balance and VR_1_sDI16UB31_B_LB_t2.csv,5757607,e253940939063fee3fa8376baa7f3056ffe635a890cd5eb3577e2e6184742431
Anaropia.zip,vr/sDI16UB31_B_LB/Screen_Balance and VR_1_sDI16UB31_B_LB_t3.csv,5727673,35b646d578d4728e4c258b2bfb7a2274040dfb5a4dce1430efcb1817fd257b86
Anaropia.zip,vr/sDI16UB31_B_LB/Screen_Balance and VR_1_sDI16UB31_B_LB_t4.csv,5719613,e56aa4804414a1906502c8ec6b45df4fca9178896d5afeb808280208b0c4f4e1
Anaropia.zip,vr/sDI16UB31_B_LB/Screen_Balance and VR_1_sDI16UB31_B_LB_t4_INCOMPLETE.csv,5719613,e56aa4804414a1906502c8ec6b45df4fca9178896d5afeb808280208b0c4f4e1
Anaropia.zip,vr/sDO11UB30_A_LB1/Screen_Balance and VR_1_sDO11UB30_A_LB1_t1.csv,5757447,2569194293815e2eb1ed8e4c428cadee98ffefe93e7b0cc10b68deb89511bbe6
Anaropia.zip,vr/sDO11UB30_A_LB1/Screen_Balance and VR_1_sDO11UB30_A_LB1_t2.csv,5780129,7d58e18ec35282a8fc97380f448a354369dc961c61a8f2977e9d9633a136a927
Anaropia.zip,vr/sDO11UB30_A_LB1/Screen_Balance and VR_1_sDO11UB30_A_LB1_t3.csv,5776096,ea9be9e2081918895a2d04455d15e1f209630bf713c13154e1740d57a58a74fb
Anaropia.zip,vr/sDO11UB30_B_HB/Screen_Balance and VR_1_sDO11UB30_B_HB_t1.csv,3671387,ae0390abe39f5cd66c1c3418a2ab61fe218a84c5e2e5476f82d59fc81ec5e488
Anaropia.zip,vr/sDO11UB30_B_HB/Screen_Balance and VR_1_sDO11UB30_B_HB_t2.csv,3660353,6f5f0cd6e04803d9c58a83c37e1252c2115b1ca554b68d0cac77108575251753
Anaropia.zip,vr/sDO11UB30_B_HB/Screen_Balance and VR_1_sDO11UB30_B_HB_t3.csv,3678885,02de40a47fff049e563dcda295d903937f84f585a5029210d4a88c4e5537bc38
Anaropia.zip,vr/sDO11UB30_B_HB/Screen_Balance and VR_1_sDO11UB30_B_HB_t4.csv,3697972,e7ef9dedc66eb93e7ccae4c68083fdc023075d05dff9ededb6545de29bbd2428
Anaropia.zip,vr/sEL30AD28_A_LB/Screen_Balance and VR_1_sEL30AD28_A_LB_t1.csv,5821942,fdca23beaa5fb307d490a517b3a6e81a7805a7a0b6f52002e00c331292046983
Anaropia.zip,vr/sEL30AD28_A_LB/Screen_Balance and VR_1_sEL30AD28_A_LB_t2.csv,5795035,678cfa4b676723dd2befa7c54c9398c5a6bf8150305840b09e2014951be19731
Anaropia.zip,vr/sEL30AD28_A_LB/Screen_Balance and VR_1_sEL30AD28_A_LB_t3.csv,5797901,3a6b8c2a3bdf1277e2b5c33212acd436d2d29bf705b68e142883ed2ec263c772
Anaropia.zip,vr/sEL30AD28_A_LB/Screen_Balance and VR_1_sEL30AD28_A_LB_t4.csv,5807554,a42c3927f4db453d07d48c09097fd7b91681d726a2e9c515db6737ceae7a88ba
Anaropia.zip,vr/sEL30AD28_B_HB/Screen_Balance and VR_1_sEL30AD28_B_HB_t1.csv,5745932,14681291366acc9924cac9e8f12b0246cd8773eae811001a8a5482f08256aa5a
Anaropia.zip,vr/sEL30AD28_B_HB/Screen_Balance and VR_1_sEL30AD28_B_HB_t2.csv,5736003,5d0050811d0dc0311a0ddd8b7268bea9658da1dc43739fa0bccbbd3fd42c2357
Anaropia.zip,vr/sEL30AD28_B_HB/Screen_Balance and VR_1_sEL30AD28_B_HB_t3.csv,5715359,40530335ef5d6c13679f9adaf27301a7942e272b97d8c46bd25e2d3e76e7e568
Anaropia.zip,vr/sEL30AD28_B_HB/Screen_Balance and VR_1_sEL30AD28_B_HB_t4.csv,5720148,4c4737ca8aec0d189c3d8861d2ac6f1bfc23de5ba00f2ad40be927eff221d0f8
Anaropia.zip,vr/sKA14RE15_A_HB/Screen_Balance and VR_1_sKA14RE15_A_HB_t1.csv,5804851,3145d48949189e336673652dc6ca9e37ebc178d559406a00c10911bea5e865d3
Anaropia.zip,vr/sKA14RE15_A_HB/Screen_Balance and VR_1_sKA14RE15_A_HB_t2.csv,5778900,a4ee059b2ec87161a4e814ebbc622d9b1c1a6d006a3236d3bd34586b3e7806af
Anaropia.zip,vr/sKA14RE15_A_HB/Screen_Balance and VR_1_sKA14RE15_A_HB_t3.csv,5769913,aac0e4031b16acd4303b3010a4f03962e8addf2b37cc4d585df278a13695cc53
Anaropia.zip,vr/sKA14RE15_A_HB/Screen_Balance and VR_1_sKA14RE15_A_HB_t4.csv,5773434,1d0986a3f419b76a3e707c774df1075bd3f39ffc9a91aa0a1663c2cbdafd8844
Anaropia.zip,vr/sKA14RE15_B_LB/Screen_Balance and VR_1_sKA14RE15_B_LB_t1.csv,5782954,9a99286bb77b945b25003b52786f8921c577e654b7fc6dbcee79d94b6b0c8919
Anaropia.zip,vr/sKA14RE15_B_LB/Screen_Balance and VR_1_sKA14RE15_B_LB_t2.csv,5792159,fdedc42d50d5a25d3b16ceca211686fe159d5b6859b3ab623da2e2d0c95415c2
Anaropia.zip,vr/sKA14RE15_B_LB/Screen_Balance and VR_1_sKA14RE15_B_LB_t2_INCOMPLETE.csv,5792159,fdedc42d50d5a25d3b16ceca211686fe159d5b6859b3ab623da2e2d0c95415c2
Anaropia.zip,vr/sKA14RE15_B_LB/Screen_Balance and VR_1_sKA14RE15_B_LB_t3.csv,5772085,ac4bf3f87eb2f74571fed321e6fbde4e0cbf6d6808e0a8def8f9e13504ceb471
Anaropia.zip,vr/sKA14RE15_B_LB/Screen_Balance and VR_1_sKA14RE15_B_LB_t4.csv,5817207,9a56167ae9b812eddf9747f67d0d0c86446d942bb8e84fb246c77e3ba1ec2aef
Anaropia.zip,vr/sPE16IN18_A_LB/Screen_Balance and VR_1_sPE16IN18_A_LB_t1_INCOMPLETE.csv,5609415,8c29dd4dfde3e0fe6eb9d222de4758e76f2f1efffd0a7a9a190d60d4233f88b0
Anaropia.zip,vr/sPE16IN18_A_LB/Screen_Balance and VR_1_sPE16IN18_A_LB_t2_INCOMPLETE.csv,5765452,9ae68f66ffad9b1379f24d7f20c150966e2968c3630165a96916b0ded9766a48
Anaropia.zip,vr/sPE16IN18_A_LB/Screen_Balance and VR_1_sPE16IN18_A_LB_t3_INCOMPLETE.csv,5734895,92f30999973500fca1b93a663920c75f2ad6ff4f5e6e9ef3e7be46f1c272605d
Anaropia.zip,vr/sPE16IN18_A_LB/Screen_Balance and VR_1_sPE16IN18_A_LB_t4_INCOMPLETE.csv,5741190,1835f27f9d74e7f46d7c5a17ca730b337743d6b9a19ff3842053c080c97d5b52
Anaropia.zip,vr/sPE16IN18_B_HB/Screen_Balance and VR_1_sPE16IN18_B_HB_t1.csv,5767413,0d0ef6453e34740eeef92c87ddd73ec5122f9f26258b539cdb479b499c918f87
Anaropia.zip,vr/sPE16IN18_B_HB/Screen_Balance and VR_1_sPE16IN18_B_HB_t2.csv,5772242,3d71d221b090ea7126ae6400c062c29b163183dd4e12c9a976d01e342c6a0101
Anaropia.zip,vr/sPE16IN18_B_HB/Screen_Balance and VR_1_sPE16IN18_B_HB_t3.csv,5768989,865d2d5df3fa8ce49a75bbdc772af14a7664eb4b42945b569c78a3bd1c35efa4
Anaropia.zip,vr/sPE16IN18_B_HB/Screen_Balance and VR_1_sPE16IN18_B_HB_t4.csv,5769205,329d2d479b76ed0b0eba98550038016fe9bfcdb4f695a8757ae06e5e9bb51717
Anaropia.zip,vr/sPilotK_B_LB/Screen_Balance and VR_1_sPilotK_B_LB_t1_INCOMPLETE.csv,10040443,e0b978ad768821dad55cae4004a294670e939bff6180615d884c9a80dcca7a7c
Anaropia.zip,vr/sPilotK_B_LB/Screen_Balance and VR_1_sPilotK_B_LB_t2_INCOMPLETE.csv,10367087,31e85091bc45926aa7a4b72d0cd87c98f2acc72e16d808a2e0d50e0025b6ee34
Anaropia.zip,vr/sPilotK_B_LB/Screen_Balance and VR_1_sPilotK_B_LB_t3_INCOMPLETE.csv,10418509,48a00cf5c0df51c02e26830d787b6d5e5b2ce188d66c54d9c9237788ec05ac0e
Anaropia.zip,vr/sPilotK_B_LB/Screen_Balance and VR_1_sPilotK_B_LB_t4_INCOMPLETE.csv,10431446,fb43a9ae4f1f8f92cee22e38c23683fd680634cb33e58437298d932da11fa5cd
Anaropia.zip,vr/sRE13ON18_A_HB/Screen_Balance and VR_1_sRE13ON18_A_HB_t1.csv,5749969,b860e2b91e171a215d4d4e9ae9aec12a243c4565d751ff5ffac8a3d888fba9e2
Anaropia.zip,vr/sRE13ON18_A_HB/Screen_Balance and VR_1_sRE13ON18_A_HB_t2.csv,5749453,6a853cf4bb3cf4536da7081dc4d64d9086ed412be6c446a6ea5e30baafc5a583
Anaropia.zip,vr/sRE13ON18_A_HB/Screen_Balance and VR_1_sRE13ON18_A_HB_t3.csv,5737183,9487795f17d8d0d19dd8a71edbe1abc102c9604c59d277266146ea173ccca99c
Anaropia.zip,vr/sRE13ON18_A_HB/Screen_Balance and VR_1_sRE13ON18_A_HB_t4.csv,5737661,96de2fff85db14650a0471226703c0c5caf329a3b0a2b2faa93e35e32ea76564
Anaropia.zip,vr/sRE13ON18_B_LB/Screen_Balance and VR_1_sRE13ON18_B_LB_t1.csv,5790310,916412d82f49400b3ede3614c548696d1e7973b0476cc0dd4d1faeaad3da8455
Anaropia.zip,vr/sRE13ON18_B_LB/Screen_Balance and VR_1_sRE13ON18_B_LB_t2.csv,5799362,69a9b093deb907ffe3aa67bfd45fa2d10921fb4b5a0b1af8e27ab153acc4ceae
Anaropia.zip,vr/sRE13ON18_B_LB/Screen_Balance and VR_1_sRE13ON18_B_LB_t3.csv,5789023,559b058bcfed830404ef2fe1e563a5657a91f18afc0675792c649d287cfc5d88
Anaropia.zip,vr/sRE13ON18_B_LB/Screen_Balance and VR_1_sRE13ON18_B_LB_t4.csv,5775773,febc273fb3040f6be8cf3d3a6c27c78878dcab8c59b3619e22db3f922715e1c2
Anaropia.zip,vr/sdemo1/Screen_Balance and VR_1_sdemo1_t1.csv,3741417,0b2caf0cce70eafbf940076ddeb479f9588613ceefb6ef16f7a219be569d0802
Anaropia.zip,vr/sdemo1/Screen_Balance and VR_1_sdemo1_t2.csv,3696466,bb6964f9bb9b8557fbe080cb868592e18c64eb0f734c2e625cf6912014c312d4
Anaropia.zip,vr/sdemo1/Screen_Balance and VR_1_sdemo1_t3_INCOMPLETE.csv,45872,7f4740404e0866f1ee0db9c6d59844ceb360f3690f86f71255029a3d231398e1
Anaropia.zip,vr/stest23/Screen_Balance and VR_1_stest23_t1_INCOMPLETE.csv,515045,29d4f721b051096c93c9d5e17538ce511f94c788f82a4b2d47628a70c6bb4405
